index,id,lat,lon
0,U3RvcDoxOjAwMDMwMDE3ODAwMw,52.391152,13.512816
1,U3RvcDoxOjAwMDMwMDYzMDAwNw,52.605032,13.611122
2,U3RvcDoxOmRlOjExMDAwOjkwMDAwMTIwMToxOjUw,52.536218,13.344329
3,U3RvcDoxOmRlOjExMDAwOjkwMDAwMTIwMToxOjUx,52.536318,13.344298
4,U3RvcDoxOmRlOjExMDAwOjkwMDAwMTIwMTo6MQ,52.536766,13.342507
5,U3RvcDoxOmRlOjExMDAwOjkwMDAwMTIwMTo6Mg,52.536744,13.342635
6,U3RvcDoxOmRlOjExMDAwOjkwMDAwMjIwMTo6MQ,52.532192,13.341235
7,U3RvcDoxOmRlOjExMDAwOjkwMDAwMjIwMTo6Mg,52.532191,13.341410
8,U3RvcDoxOmRlOjExMDAwOjkwMDAwMzEwMTo6MQ,52.517873,13.341988
9,U3RvcDoxOmRlOjExMDAwOjkwMDAwMzEwMTo6Mg,52.517882,13.342161
10,U3RvcDoxOmRlOjExMDAwOjkwMDAwMzEwMjoxOjUw,52.519946,13.348090
11,U3RvcDoxOmRlOjExMDAwOjkwMDAwMzEwMjoxOjUx,52.520012,13.348101
12,U3RvcDoxOmRlOjExMDAwOjkwMDAwMzEwMzoxOjUw,52.514419,13.336536
13,U3RvcDoxOmRlOjExMDAwOjkwMDAwMzEwMzoxOjUx,52.514440,13.336420
14,U3RvcDoxOmRlOjExMDAwOjkwMDAwMzEwNDo6MQ,52.526136,13.341178
15,U3RvcDoxOmRlOjExMDAwOjkwMDAwMzEwNDo6Mg,52.526128,13.341406
16,U3RvcDoxOmRlOjExMDAwOjkwMDAwMzIwMDoxOjUw,52.524959,13.368911
17,U3RvcDoxOmRlOjExMDAwOjkwMDAwMzIwMDoxOjUx,52.524999,13.369061
18,U3RvcDoxOmRlOjExMDAwOjkwMDAwMzIwMDoyOjUy,52.525060,13.369167
19,U3RvcDoxOmRlOjExMDAwOjkwMDAwMzIwMDoyOjUz,52.525096,13.369321
20,U3RvcDoxOmRlOjExMDAwOjkwMDAwMzIwMDozOjU0,52.525109,13.369472
21,U3RvcDoxOmRlOjExMDAwOjkwMDAwMzIwMDozOjU1,52.525142,13.369612
22,U3RvcDoxOmRlOjExMDAwOjkwMDAwMzIwMDo0OjU2,52.525189,13.369752
23,U3RvcDoxOmRlOjExMDAwOjkwMDAwMzIwMDo0OjU3,52.525224,13.369887
24,U3RvcDoxOmRlOjExMDAwOjkwMDAwMzIwMToxOjUw,52.524789,13.369667
25,U3RvcDoxOmRlOjExMDAwOjkwMDAwMzIwMToxOjUx,52.524881,13.369627
26,U3RvcDoxOmRlOjExMDAwOjkwMDAwMzIwMToyOjUy,52.524969,13.369527
27,U3RvcDoxOmRlOjExMDAwOjkwMDAwMzIwMToyOjUz,52.525070,13.369501
28,U3RvcDoxOmRlOjExMDAwOjkwMDAwMzIwMTozOjU0,52.525147,13.369354
29,U3RvcDoxOmRlOjExMDAwOjkwMDAwMzIwMTozOjU1,52.525261,13.369313
30,U3RvcDoxOmRlOjExMDAwOjkwMDAwMzIwMTo6MQ,52.525290,13.370260
31,U3RvcDoxOmRlOjExMDAwOjkwMDAwMzIwMTo6MTA,52.525225,13.370030
32,U3RvcDoxOmRlOjExMDAwOjkwMDAwMzI1NDo6MQ,52.520156,13.373086
33,U3RvcDoxOmRlOjExMDAwOjkwMDAwMzI1NDo6NQ,52.520109,13.372842
34,U3RvcDoxOmRlOjExMDAwOjkwMDAwNTIwMTo6MQ,52.500152,13.361504
35,U3RvcDoxOmRlOjExMDAwOjkwMDAwNTIwMTo6Mg,52.500068,13.361436
36,U3RvcDoxOmRlOjExMDAwOjkwMDAwNTI1Mjo6MQ,52.503806,13.374862
37,U3RvcDoxOmRlOjExMDAwOjkwMDAwNTI1Mjo6Mg,52.503800,13.374904
38,U3RvcDoxOmRlOjExMDAwOjkwMDAwNzEwMjoxOjUw,52.549316,13.389883
39,U3RvcDoxOmRlOjExMDAwOjkwMDAwNzEwMjoxOjUx,52.549212,13.389895
40,U3RvcDoxOmRlOjExMDAwOjkwMDAwNzEwMjoyOjUy,52.549131,13.389907
41,U3RvcDoxOmRlOjExMDAwOjkwMDAwNzEwMjoyOjUz,52.549033,13.389919
42,U3RvcDoxOmRlOjExMDAwOjkwMDAwNzEwMjozOjU1,52.548795,13.390400
43,U3RvcDoxOmRlOjExMDAwOjkwMDAwNzEwMjo0OjU2,52.548689,13.390501
44,U3RvcDoxOmRlOjExMDAwOjkwMDAwNzEwMjo0OjU3,52.548573,13.390519
45,U3RvcDoxOmRlOjExMDAwOjkwMDAwNzEwMjo1OjU4,52.548483,13.390691
46,U3RvcDoxOmRlOjExMDAwOjkwMDAwNzEwMjo1OjU5,52.548386,13.390704
47,U3RvcDoxOmRlOjExMDAwOjkwMDAwNzEwMjo6MQ,52.548736,13.388263
48,U3RvcDoxOmRlOjExMDAwOjkwMDAwNzEwMjo6Mg,52.548802,13.388396
49,U3RvcDoxOmRlOjExMDAwOjkwMDAwNzEwMzo6MQ,52.542101,13.392932
50,U3RvcDoxOmRlOjExMDAwOjkwMDAwNzEwMzo6Mg,52.542150,13.393114
51,U3RvcDoxOmRlOjExMDAwOjkwMDAwNzEwNDoxOjUw,52.532334,13.387507
52,U3RvcDoxOmRlOjExMDAwOjkwMDAwNzEwNDoyOjUy,52.532421,13.387655
53,U3RvcDoxOmRlOjExMDAwOjkwMDAwNzExMDo6MQ,52.537276,13.396665
54,U3RvcDoxOmRlOjExMDAwOjkwMDAwNzExMDo6Mg,52.537319,13.396828
55,U3RvcDoxOmRlOjExMDAwOjkwMDAwODEwMToxOjUw,52.544883,13.379364
56,U3RvcDoxOmRlOjExMDAwOjkwMDAwODEwMToxOjUx,52.544856,13.379497
57,U3RvcDoxOmRlOjExMDAwOjkwMDAwODEwMjo6MQ,52.540046,13.370176
58,U3RvcDoxOmRlOjExMDAwOjkwMDAwODEwMjo6Mg,52.540096,13.370265
59,U3RvcDoxOmRlOjExMDAwOjkwMDAwOTEwMTo6MQ,52.542370,13.350099
60,U3RvcDoxOmRlOjExMDAwOjkwMDAwOTEwMTo6Mg,52.542294,13.350191
61,U3RvcDoxOmRlOjExMDAwOjkwMDAwOTEwMjo6MQ,52.546389,13.359121
62,U3RvcDoxOmRlOjExMDAwOjkwMDAwOTEwMjo6Mg,52.546419,13.359163
63,U3RvcDoxOmRlOjExMDAwOjkwMDAwOTEwMjo6Mw,52.546448,13.359059
64,U3RvcDoxOmRlOjExMDAwOjkwMDAwOTEwMjo6NA,52.546349,13.359230
65,U3RvcDoxOmRlOjExMDAwOjkwMDAwOTEwMzo6MQ,52.549731,13.353007
66,U3RvcDoxOmRlOjExMDAwOjkwMDAwOTEwMzo6Mg,52.549813,13.353142
67,U3RvcDoxOmRlOjExMDAwOjkwMDAwOTEwNDoxOjUw,52.543042,13.367693
68,U3RvcDoxOmRlOjExMDAwOjkwMDAwOTEwNDoxOjUx,52.543102,13.367604
69,U3RvcDoxOmRlOjExMDAwOjkwMDAwOTEwNDo6MQ,52.543028,13.364987
70,U3RvcDoxOmRlOjExMDAwOjkwMDAwOTEwNDo6Mg,52.543092,13.365090
71,U3RvcDoxOmRlOjExMDAwOjkwMDAwOTIwMTo6MQ,52.551666,13.367384
72,U3RvcDoxOmRlOjExMDAwOjkwMDAwOTIwMTo6Mg,52.551585,13.367543
73,U3RvcDoxOmRlOjExMDAwOjkwMDAwOTIwMjo6MQ,52.557098,13.373196
74,U3RvcDoxOmRlOjExMDAwOjkwMDAwOTIwMjo6Mg,52.557175,13.373355
75,U3RvcDoxOmRlOjExMDAwOjkwMDAwOTIwMjo6Mw,52.557207,13.373128
76,U3RvcDoxOmRlOjExMDAwOjkwMDAwOTIwMjo6NA,52.557148,13.373341
77,U3RvcDoxOmRlOjExMDAwOjkwMDAwOTIwMzo6MQ,52.552240,13.381422
78,U3RvcDoxOmRlOjExMDAwOjkwMDAwOTIwMzo6Mg,52.552294,13.381482
79,U3RvcDoxOmRlOjExMDAwOjkwMDAxMTEwMTo6MQ,52.556593,13.340990
80,U3RvcDoxOmRlOjExMDAwOjkwMDAxMTEwMTo6Mg,52.556638,13.341060
81,U3RvcDoxOmRlOjExMDAwOjkwMDAxMTEwMjo6MQ,52.560199,13.334557
82,U3RvcDoxOmRlOjExMDAwOjkwMDAxMTEwMjo6Mg,52.560271,13.334667
83,U3RvcDoxOmRlOjExMDAwOjkwMDAxMjEwMToxOjUw,52.503590,13.381283
84,U3RvcDoxOmRlOjExMDAwOjkwMDAxMjEwMToxOjUx,52.503564,13.381396
85,U3RvcDoxOmRlOjExMDAwOjkwMDAxMjEwMToyOjUy,52.503542,13.381498
86,U3RvcDoxOmRlOjExMDAwOjkwMDAxMjEwMToyOjUz,52.503514,13.381617
87,U3RvcDoxOmRlOjExMDAwOjkwMDAxMjEwMjo6MQ,52.506032,13.390528
88,U3RvcDoxOmRlOjExMDAwOjkwMDAxMjEwMjo6Mg,52.506044,13.390689
89,U3RvcDoxOmRlOjExMDAwOjkwMDAxMjEwMzo6MQ,52.497812,13.390351
90,U3RvcDoxOmRlOjExMDAwOjkwMDAxMjEwMzo6Mg,52.497767,13.390336
91,U3RvcDoxOmRlOjExMDAwOjkwMDAxMjEwMzo6Mw,52.498999,13.391628
92,U3RvcDoxOmRlOjExMDAwOjkwMDAxMjEwMzo6NA,52.499006,13.391805
93,U3RvcDoxOmRlOjExMDAwOjkwMDAxMzEwMTo6MQ,52.503676,13.410615
94,U3RvcDoxOmRlOjExMDAwOjkwMDAxMzEwMTo6Mg,52.503618,13.410788
95,U3RvcDoxOmRlOjExMDAwOjkwMDAxMzEwMjo6MQ,52.499051,13.418395
96,U3RvcDoxOmRlOjExMDAwOjkwMDAxMzEwMjo6Mg,52.498933,13.418417
97,U3RvcDoxOmRlOjExMDAwOjkwMDAxMzEwMjo6Mw,52.498849,13.417900
98,U3RvcDoxOmRlOjExMDAwOjkwMDAxMzEwMjo6NA,52.498959,13.418101
99,U3RvcDoxOmRlOjExMDAwOjkwMDAxMzEwMzo6MQ,52.498406,13.405401
100,U3RvcDoxOmRlOjExMDAwOjkwMDAxMzEwMzo6Mg,52.498379,13.405403
101,U3RvcDoxOmRlOjExMDAwOjkwMDAxNDEwMTo6MQ,52.499292,13.428277
102,U3RvcDoxOmRlOjExMDAwOjkwMDAxNDEwMTo6Mg,52.499270,13.428283
103,U3RvcDoxOmRlOjExMDAwOjkwMDAxNDEwMjo6MQ,52.500747,13.441051
104,U3RvcDoxOmRlOjExMDAwOjkwMDAxNDEwMjo6Mg,52.500720,13.441059
105,U3RvcDoxOmRlOjExMDAwOjkwMDAxNjEwMTo6MQ,52.491268,13.395700
106,U3RvcDoxOmRlOjExMDAwOjkwMDAxNjEwMTo6Mg,52.491355,13.395745
107,U3RvcDoxOmRlOjExMDAwOjkwMDAxNjIwMTo6MQ,52.493448,13.421725
108,U3RvcDoxOmRlOjExMDAwOjkwMDAxNjIwMTo6Mg,52.493480,13.421844
109,U3RvcDoxOmRlOjExMDAwOjkwMDAxNjIwMjo6MQ,52.489216,13.407672
110,U3RvcDoxOmRlOjExMDAwOjkwMDAxNjIwMjo6Mg,52.489298,13.407737
111,U3RvcDoxOmRlOjExMDAwOjkwMDAxNzEwMTo6MQ,52.494625,13.388864
112,U3RvcDoxOmRlOjExMDAwOjkwMDAxNzEwMTo6Mg,52.494542,13.389109
113,U3RvcDoxOmRlOjExMDAwOjkwMDAxNzEwMTo6Mw,52.494594,13.388959
114,U3RvcDoxOmRlOjExMDAwOjkwMDAxNzEwMTo6NA,52.494575,13.389014
115,U3RvcDoxOmRlOjExMDAwOjkwMDAxNzEwMjo6MQ,52.485948,13.385808
116,U3RvcDoxOmRlOjExMDAwOjkwMDAxNzEwMjo6Mg,52.485946,13.385970
117,U3RvcDoxOmRlOjExMDAwOjkwMDAxNzEwMzo6MQ,52.499567,13.374084
118,U3RvcDoxOmRlOjExMDAwOjkwMDAxNzEwMzo6Mg,52.499430,13.374057
119,U3RvcDoxOmRlOjExMDAwOjkwMDAxNzEwMzo6Mw,52.499504,13.374061
120,U3RvcDoxOmRlOjExMDAwOjkwMDAxNzEwMzo6NA,52.499494,13.374295
121,U3RvcDoxOmRlOjExMDAwOjkwMDAxNzEwNDo6MQ,52.499129,13.382661
122,U3RvcDoxOmRlOjExMDAwOjkwMDAxNzEwNDo6Mg,52.499087,13.382665
123,U3RvcDoxOmRlOjExMDAwOjkwMDAxNzEwNDo6Mw,52.498643,13.383020
124,U3RvcDoxOmRlOjExMDAwOjkwMDAxNzEwNDo6NA,52.498769,13.383015
125,U3RvcDoxOmRlOjExMDAwOjkwMDAxODEwMTo6MQ,52.536186,13.293646
126,U3RvcDoxOmRlOjExMDAwOjkwMDAxODEwMTo6Mg,52.536296,13.293668
127,U3RvcDoxOmRlOjExMDAwOjkwMDAxODEwMjo6MQ,52.536571,13.286271
128,U3RvcDoxOmRlOjExMDAwOjkwMDAxODEwMjo6Mg,52.536684,13.286264
129,U3RvcDoxOmRlOjExMDAwOjkwMDAxOTIwNDo6MQ,52.526226,13.304790
130,U3RvcDoxOmRlOjExMDAwOjkwMDAxOTIwNDo6Mg,52.526297,13.304975
131,U3RvcDoxOmRlOjExMDAwOjkwMDAyMDIwMToxOjUw,52.530192,13.299447
132,U3RvcDoxOmRlOjExMDAwOjkwMDAyMDIwMToxOjUx,52.530287,13.299397
133,U3RvcDoxOmRlOjExMDAwOjkwMDAyMDIwMToyOjUy,52.530363,13.299325
134,U3RvcDoxOmRlOjExMDAwOjkwMDAyMDIwMToyOjUz,52.530446,13.299292
135,U3RvcDoxOmRlOjExMDAwOjkwMDAyMDIwMTo6MQ,52.530790,13.300631
136,U3RvcDoxOmRlOjExMDAwOjkwMDAyMDIwMTo6Mg,52.530749,13.300635
137,U3RvcDoxOmRlOjExMDAwOjkwMDAyMDIwMjoxOjUw,52.534359,13.329406
138,U3RvcDoxOmRlOjExMDAwOjkwMDAyMDIwMjoxOjUx,52.534452,13.329361
139,U3RvcDoxOmRlOjExMDAwOjkwMDAyMjEwMTo6MQ,52.510895,13.295820
140,U3RvcDoxOmRlOjExMDAwOjkwMDAyMjEwMTo6Mg,52.510851,13.295832
141,U3RvcDoxOmRlOjExMDAwOjkwMDAyMjIwMTo6MQ,52.511944,13.310510
142,U3RvcDoxOmRlOjExMDAwOjkwMDAyMjIwMTo6Mg,52.511753,13.310546
143,U3RvcDoxOmRlOjExMDAwOjkwMDAyMjIwMTo6Mw,52.511815,13.310534
144,U3RvcDoxOmRlOjExMDAwOjkwMDAyMjIwMjo6MQ,52.516645,13.306512
145,U3RvcDoxOmRlOjExMDAwOjkwMDAyMjIwMjo6Mg,52.516650,13.306699
146,U3RvcDoxOmRlOjExMDAwOjkwMDAyMzEwMTo6MQ,52.511784,13.322175
147,U3RvcDoxOmRlOjExMDAwOjkwMDAyMzEwMTo6Mg,52.511744,13.322077
148,U3RvcDoxOmRlOjExMDAwOjkwMDAyMzIwMToxOjUw,52.507620,13.332927
149,U3RvcDoxOmRlOjExMDAwOjkwMDAyMzIwMToxOjUx,52.507654,13.332804
150,U3RvcDoxOmRlOjExMDAwOjkwMDAyMzIwMToyOjUy,52.507679,13.332686
151,U3RvcDoxOmRlOjExMDAwOjkwMDAyMzIwMToyOjUz,52.507716,13.332555
152,U3RvcDoxOmRlOjExMDAwOjkwMDAyMzIwMTozOjU0,52.507031,13.331849
153,U3RvcDoxOmRlOjExMDAwOjkwMDAyMzIwMTozOjU1,52.507068,13.331736
154,U3RvcDoxOmRlOjExMDAwOjkwMDAyMzIwMTo6MQ,52.505941,13.333055
155,U3RvcDoxOmRlOjExMDAwOjkwMDAyMzIwMTo6Mg,52.505905,13.333009
156,U3RvcDoxOmRlOjExMDAwOjkwMDAyMzIwMTo6Mw,52.506825,13.332797
157,U3RvcDoxOmRlOjExMDAwOjkwMDAyMzIwMTo6NA,52.506776,13.332991
158,U3RvcDoxOmRlOjExMDAwOjkwMDAyMzIwMjo6MQ,52.500386,13.336350
159,U3RvcDoxOmRlOjExMDAwOjkwMDAyMzIwMjo6Mg,52.500362,13.336425
160,U3RvcDoxOmRlOjExMDAwOjkwMDAyMzIwMzo6MQ,52.504056,13.332587
161,U3RvcDoxOmRlOjExMDAwOjkwMDAyMzIwMzo6Mg,52.504021,13.332605
162,U3RvcDoxOmRlOjExMDAwOjkwMDAyMzIwMzo6Mw,52.503123,13.331243
163,U3RvcDoxOmRlOjExMDAwOjkwMDAyMzIwMzo6NA,52.503114,13.331398
164,U3RvcDoxOmRlOjExMDAwOjkwMDAyMzMwMTo6MQ,52.502907,13.326947
165,U3RvcDoxOmRlOjExMDAwOjkwMDAyMzMwMTo6Mg,52.502809,13.327015
166,U3RvcDoxOmRlOjExMDAwOjkwMDAyMzMwMjo6MQ,52.499998,13.307175
167,U3RvcDoxOmRlOjExMDAwOjkwMDAyMzMwMjo6Mg,52.499990,13.307401
168,U3RvcDoxOmRlOjExMDAwOjkwMDAyNDEwMToxOjUw,52.504033,13.301903
169,U3RvcDoxOmRlOjExMDAwOjkwMDAyNDEwMToxOjUx,52.504098,13.301861
170,U3RvcDoxOmRlOjExMDAwOjkwMDAyNDEwMToyOjUy,52.504175,13.301819
171,U3RvcDoxOmRlOjExMDAwOjkwMDAyNDEwMToyOjUz,52.504239,13.301782
172,U3RvcDoxOmRlOjExMDAwOjkwMDAyNDEwMTozOjU0,52.504929,13.304487
173,U3RvcDoxOmRlOjExMDAwOjkwMDAyNDEwMTozOjU1,52.504988,13.304449
174,U3RvcDoxOmRlOjExMDAwOjkwMDAyNDEwMTo0OjU2,52.505070,13.304390
175,U3RvcDoxOmRlOjExMDAwOjkwMDAyNDEwMTo0OjU3,52.505135,13.304349
176,U3RvcDoxOmRlOjExMDAwOjkwMDAyNDEwMjoxOjUw,52.501095,13.284364
177,U3RvcDoxOmRlOjExMDAwOjkwMDAyNDEwMjoxOjUx,52.501013,13.284448
178,U3RvcDoxOmRlOjExMDAwOjkwMDAyNDEwMjoyOjUy,52.500888,13.284590
179,U3RvcDoxOmRlOjExMDAwOjkwMDAyNDEwMjoyOjUz,52.500813,13.284665
180,U3RvcDoxOmRlOjExMDAwOjkwMDAyNDEwMjozOjU0,52.500854,13.283931
181,U3RvcDoxOmRlOjExMDAwOjkwMDAyNDEwMjozOjU1,52.500811,13.283790
182,U3RvcDoxOmRlOjExMDAwOjkwMDAyNDEwNjoxOjUw,52.507703,13.283556
183,U3RvcDoxOmRlOjExMDAwOjkwMDAyNDEwNjoxOjUx,52.507739,13.283409
184,U3RvcDoxOmRlOjExMDAwOjkwMDAyNDIwMTo6MQ,52.511540,13.305122
185,U3RvcDoxOmRlOjExMDAwOjkwMDAyNDIwMTo6Mg,52.511478,13.305142
186,U3RvcDoxOmRlOjExMDAwOjkwMDAyNDIwMTo6Mw,52.511500,13.305095
187,U3RvcDoxOmRlOjExMDAwOjkwMDAyNDIwMTo6NA,52.511515,13.305258
188,U3RvcDoxOmRlOjExMDAwOjkwMDAyNDIwMjo6MQ,52.506353,13.306655
189,U3RvcDoxOmRlOjExMDAwOjkwMDAyNDIwMjo6Mg,52.506367,13.306833
190,U3RvcDoxOmRlOjExMDAwOjkwMDAyNDIwMzoxOjUx,52.505117,13.319066
191,U3RvcDoxOmRlOjExMDAwOjkwMDAyNTIwMjo6Mg,52.525594,13.241270
192,U3RvcDoxOmRlOjExMDAwOjkwMDAyNTIwMzo6MQ,52.516957,13.250669
193,U3RvcDoxOmRlOjExMDAwOjkwMDAyNTIwMzo6Mg,52.516819,13.250453
194,U3RvcDoxOmRlOjExMDAwOjkwMDAyNTIwMzo6Mw,52.516862,13.250543
195,U3RvcDoxOmRlOjExMDAwOjkwMDAyNTMyMToxOjUw,52.511216,13.242843
196,U3RvcDoxOmRlOjExMDAwOjkwMDAyNTMyMToxOjUx,52.511293,13.242806
197,U3RvcDoxOmRlOjExMDAwOjkwMDAyNTMyMToyOjUy,52.511401,13.242749
198,U3RvcDoxOmRlOjExMDAwOjkwMDAyNTMyMTozOjU0,52.511565,13.242684
199,U3RvcDoxOmRlOjExMDAwOjkwMDAyNTMyMTo0OjU2,52.511727,13.242607
200,U3RvcDoxOmRlOjExMDAwOjkwMDAyNTMyMTo1OjU5,52.511888,13.242534
201,U3RvcDoxOmRlOjExMDAwOjkwMDAyNTQyMzoxOjUw,52.498568,13.270392
202,U3RvcDoxOmRlOjExMDAwOjkwMDAyNTQyNDoxOjUw,52.510241,13.227488
203,U3RvcDoxOmRlOjExMDAwOjkwMDAyNTQyNDoxOjUx,52.510181,13.227421
204,U3RvcDoxOmRlOjExMDAwOjkwMDAyNjEwMTo6MQ,52.516281,13.259258
205,U3RvcDoxOmRlOjExMDAwOjkwMDAyNjEwMTo6Mg,52.516200,13.259241
206,U3RvcDoxOmRlOjExMDAwOjkwMDAyNjEwNToxOjUw,52.507814,13.259813
207,U3RvcDoxOmRlOjExMDAwOjkwMDAyNjIwMTo6MQ,52.509920,13.272617
208,U3RvcDoxOmRlOjExMDAwOjkwMDAyNjIwMTo6Mg,52.509866,13.272588
209,U3RvcDoxOmRlOjExMDAwOjkwMDAyNjIwMjo6MQ,52.510113,13.283103
210,U3RvcDoxOmRlOjExMDAwOjkwMDAyNjIwMjo6Mg,52.510059,13.283103
211,U3RvcDoxOmRlOjExMDAwOjkwMDAyNjIwNzoxOjUw,52.517888,13.284378
212,U3RvcDoxOmRlOjExMDAwOjkwMDAyNjIwNzoxOjUx,52.517906,13.284555
213,U3RvcDoxOmRlOjExMDAwOjkwMDAyOTEwMToxOjUw,52.534774,13.197557
214,U3RvcDoxOmRlOjExMDAwOjkwMDAyOTEwMToxOjUx,52.534720,13.197532
215,U3RvcDoxOmRlOjExMDAwOjkwMDAyOTEwMToyOjUy,52.534667,13.197191
216,U3RvcDoxOmRlOjExMDAwOjkwMDAyOTEwMToyOjUz,52.534600,13.197163
217,U3RvcDoxOmRlOjExMDAwOjkwMDAyOTEwMTozOjU0,52.534541,13.197124
218,U3RvcDoxOmRlOjExMDAwOjkwMDAyOTEwMTozOjU1,52.534484,13.197100
219,U3RvcDoxOmRlOjExMDAwOjkwMDAyOTMwMTo6MQ,52.538755,13.206326
220,U3RvcDoxOmRlOjExMDAwOjkwMDAyOTMwMTo6Mg,52.538890,13.206436
221,U3RvcDoxOmRlOjExMDAwOjkwMDAyOTMwMjo6MQ,52.535176,13.199857
222,U3RvcDoxOmRlOjExMDAwOjkwMDAyOTMwMjo6Mg,52.535188,13.199712
223,U3RvcDoxOmRlOjExMDAwOjkwMDAyOTMwNToxOjUw,52.537659,13.141303
224,U3RvcDoxOmRlOjExMDAwOjkwMDAyOTMwNToxOjUx,52.537758,13.141315
225,U3RvcDoxOmRlOjExMDAwOjkwMDAzMDIwMjoxOjUw,52.531988,13.209206
226,U3RvcDoxOmRlOjExMDAwOjkwMDAzMzEwMTo6MQ,52.537627,13.217515
227,U3RvcDoxOmRlOjExMDAwOjkwMDAzMzEwMTo6Mg,52.537676,13.217555
228,U3RvcDoxOmRlOjExMDAwOjkwMDAzNDEwMTo6MQ,52.537931,13.247534
229,U3RvcDoxOmRlOjExMDAwOjkwMDAzNDEwMTo6Mg,52.538058,13.247559
230,U3RvcDoxOmRlOjExMDAwOjkwMDAzNDEwMjo6MQ,52.538635,13.233127
231,U3RvcDoxOmRlOjExMDAwOjkwMDAzNDEwMjo6Mg,52.538793,13.233056
232,U3RvcDoxOmRlOjExMDAwOjkwMDAzNTEwMTo6MQ,52.536699,13.272710
233,U3RvcDoxOmRlOjExMDAwOjkwMDAzNTEwMTo6Mg,52.536811,13.272694
234,U3RvcDoxOmRlOjExMDAwOjkwMDAzNjEwMTo6MQ,52.536926,13.262347
235,U3RvcDoxOmRlOjExMDAwOjkwMDAzNjEwMTo6Mg,52.537050,13.262367
236,U3RvcDoxOmRlOjExMDAwOjkwMDA0MDEwMToxOjUw,52.496038,13.290596
237,U3RvcDoxOmRlOjExMDAwOjkwMDA0MTEwMTo6MQ,52.490681,13.315228
238,U3RvcDoxOmRlOjExMDAwOjkwMDA0MTEwMTo6Mg,52.490597,13.315394
239,U3RvcDoxOmRlOjExMDAwOjkwMDA0MTEwMTo6Mw,52.490391,13.314185
240,U3RvcDoxOmRlOjExMDAwOjkwMDA0MTEwMTo6NA,52.490489,13.314375
241,U3RvcDoxOmRlOjExMDAwOjkwMDA0MTEwMjo6MQ,52.486328,13.321920
242,U3RvcDoxOmRlOjExMDAwOjkwMDA0MTEwMjo6Mg,52.486454,13.321942
243,U3RvcDoxOmRlOjExMDAwOjkwMDA0MTIwMTo6MQ,52.494524,13.309008
244,U3RvcDoxOmRlOjExMDAwOjkwMDA0MTIwMTo6Mg,52.494580,13.309153
245,U3RvcDoxOmRlOjExMDAwOjkwMDA0MjEwMTo6MQ,52.496901,13.331995
246,U3RvcDoxOmRlOjExMDAwOjkwMDA0MjEwMTo6Mg,52.496860,13.332072
247,U3RvcDoxOmRlOjExMDAwOjkwMDA0MjEwMTo6Mw,52.497354,13.330719
248,U3RvcDoxOmRlOjExMDAwOjkwMDA0MjEwMTo6NA,52.497354,13.330868
249,U3RvcDoxOmRlOjExMDAwOjkwMDA0MzEwMTo6MQ,52.494188,13.324858
250,U3RvcDoxOmRlOjExMDAwOjkwMDA0MzEwMTo6Mg,52.494095,13.324950
251,U3RvcDoxOmRlOjExMDAwOjkwMDA0MzIwMTo6MQ,52.492049,13.330903
252,U3RvcDoxOmRlOjExMDAwOjkwMDA0MzIwMTo6Mg,52.492048,13.331101
253,U3RvcDoxOmRlOjExMDAwOjkwMDA0NDEwMToxOjUw,52.488671,13.300271
254,U3RvcDoxOmRlOjExMDAwOjkwMDA0NDIwMTo6MQ,52.487265,13.330998
255,U3RvcDoxOmRlOjExMDAwOjkwMDA0NDIwMTo6Mg,52.487349,13.330967
256,U3RvcDoxOmRlOjExMDAwOjkwMDA0NDIwMTo6Mw,52.487295,13.330798
257,U3RvcDoxOmRlOjExMDAwOjkwMDA0NDIwMTo6NA,52.487326,13.331167
258,U3RvcDoxOmRlOjExMDAwOjkwMDA0NDIwMjoxOjUw,52.477687,13.329539
259,U3RvcDoxOmRlOjExMDAwOjkwMDA0NDIwMjoxOjUx,52.477611,13.329544
260,U3RvcDoxOmRlOjExMDAwOjkwMDA0NDIwMjo6MQ,52.477904,13.328481
261,U3RvcDoxOmRlOjExMDAwOjkwMDA0NDIwMjo6Mg,52.477908,13.328613
262,U3RvcDoxOmRlOjExMDAwOjkwMDA0NTEwMTo6MQ,52.473373,13.314366
263,U3RvcDoxOmRlOjExMDAwOjkwMDA0NTEwMTo6Mg,52.473372,13.314500
264,U3RvcDoxOmRlOjExMDAwOjkwMDA0NTEwMjoxOjUw,52.480059,13.311856
265,U3RvcDoxOmRlOjExMDAwOjkwMDA0NTEwMjoxOjUx,52.480026,13.311782
266,U3RvcDoxOmRlOjExMDAwOjkwMDA0NTEwMjo6MQ,52.480250,13.313117
267,U3RvcDoxOmRlOjExMDAwOjkwMDA0NTEwMjo6Mg,52.480227,13.313224
268,U3RvcDoxOmRlOjExMDAwOjkwMDA0ODEwMToxOjUw,52.488370,13.260926
269,U3RvcDoxOmRlOjExMDAwOjkwMDA0ODEwMToxOjUx,52.488309,13.261033
270,U3RvcDoxOmRlOjExMDAwOjkwMDA0ODEwMToyOjUy,52.488258,13.261105
271,U3RvcDoxOmRlOjExMDAwOjkwMDA0ODEwMToyOjUz,52.488179,13.261234
272,U3RvcDoxOmRlOjExMDAwOjkwMDA0OTIwMToxOjUw,52.430997,13.258035
273,U3RvcDoxOmRlOjExMDAwOjkwMDA0OTIwMToxOjUx,52.430876,13.258140
274,U3RvcDoxOmRlOjExMDAwOjkwMDA0OTIwMjoxOjUw,52.436375,13.273898
275,U3RvcDoxOmRlOjExMDAwOjkwMDA0OTIwMjoxOjUx,52.436317,13.273950
276,U3RvcDoxOmRlOjExMDAwOjkwMDA1MDIwMTo6MQ,52.443589,13.241477
277,U3RvcDoxOmRlOjExMDAwOjkwMDA1MDI4Mjo6MQ,52.449928,13.253036
278,U3RvcDoxOmRlOjExMDAwOjkwMDA1MDI4Mjo6Mg,52.449820,13.253110
279,U3RvcDoxOmRlOjExMDAwOjkwMDA1MDMwMToxOjUw,52.436783,13.233258
280,U3RvcDoxOmRlOjExMDAwOjkwMDA1MDMwMToxOjUx,52.436719,13.233192
281,U3RvcDoxOmRlOjExMDAwOjkwMDA1MDM1NToxOjUw,52.440146,13.215488
282,U3RvcDoxOmRlOjExMDAwOjkwMDA1MDM1NToxOjUx,52.440069,13.215529
283,U3RvcDoxOmRlOjExMDAwOjkwMDA1MTIwMTo6MQ,52.451041,13.281602
284,U3RvcDoxOmRlOjExMDAwOjkwMDA1MTIwMTo6Mg,52.450960,13.281692
285,U3RvcDoxOmRlOjExMDAwOjkwMDA1MTIwMjo6MQ,52.467012,13.308733
286,U3RvcDoxOmRlOjExMDAwOjkwMDA1MTIwMjo6Mg,52.466946,13.308834
287,U3RvcDoxOmRlOjExMDAwOjkwMDA1MTMwMTo6MQ,52.450412,13.268979
288,U3RvcDoxOmRlOjExMDAwOjkwMDA1MTMwMTo6Mg,52.450312,13.268954
289,U3RvcDoxOmRlOjExMDAwOjkwMDA1MTMwMjo6MQ,52.464067,13.295480
290,U3RvcDoxOmRlOjExMDAwOjkwMDA1MTMwMjo6Mg,52.463981,13.295567
291,U3RvcDoxOmRlOjExMDAwOjkwMDA1MTMwMzo6MQ,52.457164,13.289407
292,U3RvcDoxOmRlOjExMDAwOjkwMDA1MTMwMzo6Mg,52.457115,13.289535
293,U3RvcDoxOmRlOjExMDAwOjkwMDA1MjIwMToxOjUw,52.431802,13.194064
294,U3RvcDoxOmRlOjExMDAwOjkwMDA1MjIwMToxOjUx,52.431741,13.194195
295,U3RvcDoxOmRlOjExMDAwOjkwMDA1MjIwMToyOjUy,52.432185,13.193136
296,U3RvcDoxOmRlOjExMDAwOjkwMDA1MjIwMToyOjUz,52.432172,13.193273
297,U3RvcDoxOmRlOjExMDAwOjkwMDA1MzMwMToxOjUw,52.421667,13.179986
298,U3RvcDoxOmRlOjExMDAwOjkwMDA1MzMwMToxOjUx,52.421604,13.180082
299,U3RvcDoxOmRlOjExMDAwOjkwMDA1MzMwMToyOjUy,52.421546,13.180177
300,U3RvcDoxOmRlOjExMDAwOjkwMDA1MzMwMToyOjUz,52.421479,13.180296
301,U3RvcDoxOmRlOjExMDAwOjkwMDA1MzMwMTozOjU0,52.421402,13.180358
302,U3RvcDoxOmRlOjExMDAwOjkwMDA1MzMwMTozOjU1,52.421347,13.180446
303,U3RvcDoxOmRlOjExMDAwOjkwMDA1MzMwMTozOjU2,52.421730,13.181534
304,U3RvcDoxOmRlOjExMDAwOjkwMDA1NDEwMTo6MQ,52.483032,13.341946
305,U3RvcDoxOmRlOjExMDAwOjkwMDA1NDEwMTo6Mg,52.483055,13.342094
306,U3RvcDoxOmRlOjExMDAwOjkwMDA1NDEwMjo6MQ,52.490297,13.360266
307,U3RvcDoxOmRlOjExMDAwOjkwMDA1NDEwMjo6Mg,52.490431,13.360284
308,U3RvcDoxOmRlOjExMDAwOjkwMDA1NDEwMzo6MQ,52.489521,13.350362
309,U3RvcDoxOmRlOjExMDAwOjkwMDA1NDEwMzo6Mg,52.489620,13.350333
310,U3RvcDoxOmRlOjExMDAwOjkwMDA1NDEwNDoxOjUw,52.479248,13.351921
311,U3RvcDoxOmRlOjExMDAwOjkwMDA1NDEwNDoxOjUx,52.479308,13.351781
312,U3RvcDoxOmRlOjExMDAwOjkwMDA1NDEwNDoyOjUy,52.479325,13.351584
313,U3RvcDoxOmRlOjExMDAwOjkwMDA1NDEwNDoyOjUz,52.479240,13.351632
314,U3RvcDoxOmRlOjExMDAwOjkwMDA1NDEwNToxOjUw,52.478176,13.341468
315,U3RvcDoxOmRlOjExMDAwOjkwMDA1NDEwNToxOjUx,52.478047,13.341463
316,U3RvcDoxOmRlOjExMDAwOjkwMDA1NDEwNTo6MQ,52.479262,13.343623
317,U3RvcDoxOmRlOjExMDAwOjkwMDA1NTEwMTo6MQ,52.496288,13.343380
318,U3RvcDoxOmRlOjExMDAwOjkwMDA1NTEwMTo6Mg,52.496208,13.343461
319,U3RvcDoxOmRlOjExMDAwOjkwMDA1NTEwMjo6MQ,52.489145,13.340214
320,U3RvcDoxOmRlOjExMDAwOjkwMDA1NTEwMjo6Mg,52.489135,13.340387
321,U3RvcDoxOmRlOjExMDAwOjkwMDA1NTEwMjo6Mw,52.488621,13.341516
322,U3RvcDoxOmRlOjExMDAwOjkwMDA1NTEwMjo6NA,52.488738,13.341488
323,U3RvcDoxOmRlOjExMDAwOjkwMDA1NjEwMTo6MQ,52.501927,13.343056
324,U3RvcDoxOmRlOjExMDAwOjkwMDA1NjEwMTo6Mg,52.501792,13.342967
325,U3RvcDoxOmRlOjExMDAwOjkwMDA1NjEwMTo6Mw,52.501850,13.343003
326,U3RvcDoxOmRlOjExMDAwOjkwMDA1NjEwMTo6NA,52.501711,13.342926
327,U3RvcDoxOmRlOjExMDAwOjkwMDA1NjEwMTo6NQ,52.501606,13.342871
328,U3RvcDoxOmRlOjExMDAwOjkwMDA1NjEwMjo6MQ,52.499966,13.354616
329,U3RvcDoxOmRlOjExMDAwOjkwMDA1NjEwMjo6Mg,52.499938,13.354544
330,U3RvcDoxOmRlOjExMDAwOjkwMDA1NjEwMjo6Mw,52.499388,13.354560
331,U3RvcDoxOmRlOjExMDAwOjkwMDA1NjEwMjo6NA,52.499369,13.354548
332,U3RvcDoxOmRlOjExMDAwOjkwMDA1NjEwMjo6NQ,52.499849,13.354710
333,U3RvcDoxOmRlOjExMDAwOjkwMDA1NjEwMjo6Ng,52.499837,13.354616
334,U3RvcDoxOmRlOjExMDAwOjkwMDA1NjEwNDo6MQ,52.497620,13.363170
335,U3RvcDoxOmRlOjExMDAwOjkwMDA1NjEwNDo6Mg,52.497575,13.363156
336,U3RvcDoxOmRlOjExMDAwOjkwMDA1NzEwMjoxOjUw,52.492301,13.367777
337,U3RvcDoxOmRlOjExMDAwOjkwMDA1NzEwMjoxOjUx,52.492245,13.367968
338,U3RvcDoxOmRlOjExMDAwOjkwMDA1NzEwMzo6MQ,52.492922,13.370841
339,U3RvcDoxOmRlOjExMDAwOjkwMDA1NzEwMzo6Mg,52.493057,13.370822
340,U3RvcDoxOmRlOjExMDAwOjkwMDA1NzEwNDoxOjUw,52.486411,13.361128
341,U3RvcDoxOmRlOjExMDAwOjkwMDA1NzEwNDoyOjUx,52.486450,13.361028
342,U3RvcDoxOmRlOjExMDAwOjkwMDA1ODEwMToxOjUw,52.476190,13.365085
343,U3RvcDoxOmRlOjExMDAwOjkwMDA1ODEwMToxOjUx,52.476146,13.365282
344,U3RvcDoxOmRlOjExMDAwOjkwMDA1ODEwMToyOjUy,52.475924,13.365291
345,U3RvcDoxOmRlOjExMDAwOjkwMDA1ODEwMToyOjUz,52.475888,13.365455
346,U3RvcDoxOmRlOjExMDAwOjkwMDA1ODEwMTozOjU0,52.475686,13.365454
347,U3RvcDoxOmRlOjExMDAwOjkwMDA1ODEwMTozOjU1,52.475650,13.365612
348,U3RvcDoxOmRlOjExMDAwOjkwMDA1ODEwMTo0OjU2,52.475435,13.365603
349,U3RvcDoxOmRlOjExMDAwOjkwMDA1ODEwMTo0OjU3,52.475405,13.365754
350,U3RvcDoxOmRlOjExMDAwOjkwMDA1ODEwMTo1OjU4,52.475881,13.365602
351,U3RvcDoxOmRlOjExMDAwOjkwMDA1ODEwMTo1OjU5,52.475662,13.365184
352,U3RvcDoxOmRlOjExMDAwOjkwMDA1ODEwMjoxOjUw,52.459921,13.356187
353,U3RvcDoxOmRlOjExMDAwOjkwMDA1ODEwMjoxOjUy,52.459934,13.356075
354,U3RvcDoxOmRlOjExMDAwOjkwMDA1ODEwMjoyOjUx,52.459905,13.356324
355,U3RvcDoxOmRlOjExMDAwOjkwMDA1ODEwMjoyOjUz,52.459892,13.356434
356,U3RvcDoxOmRlOjExMDAwOjkwMDA1ODEwMzoxOjUw,52.491339,13.372006
357,U3RvcDoxOmRlOjExMDAwOjkwMDA1ODEwMzoxOjUx,52.491334,13.372158
358,U3RvcDoxOmRlOjExMDAwOjkwMDA2MDEwMToxOjUw,52.470498,13.341152
359,U3RvcDoxOmRlOjExMDAwOjkwMDA2MDEwMToxOjUx,52.470453,13.341258
360,U3RvcDoxOmRlOjExMDAwOjkwMDA2MTEwMTo6MQ,52.466103,13.328178
361,U3RvcDoxOmRlOjExMDAwOjkwMDA2MTEwMTo6Mg,52.466100,13.328345
362,U3RvcDoxOmRlOjExMDAwOjkwMDA2MTEwMjo6MQ,52.472131,13.328639
363,U3RvcDoxOmRlOjExMDAwOjkwMDA2MTEwMjo6Mg,52.472114,13.328848
364,U3RvcDoxOmRlOjExMDAwOjkwMDA2MjIwMjoxOjUw,52.455450,13.322332
365,U3RvcDoxOmRlOjExMDAwOjkwMDA2MjIwMjoxOjUx,52.455394,13.322476
366,U3RvcDoxOmRlOjExMDAwOjkwMDA2MjIwMjo6MQ,52.456165,13.320476
367,U3RvcDoxOmRlOjExMDAwOjkwMDA2MjIwMjo6Mg,52.456131,13.320682
368,U3RvcDoxOmRlOjExMDAwOjkwMDA2MjIwMzo6MQ,52.460629,13.324477
369,U3RvcDoxOmRlOjExMDAwOjkwMDA2MjIwMzo6Mg,52.460605,13.324455
370,U3RvcDoxOmRlOjExMDAwOjkwMDA2MzEwMToxOjUw,52.463431,13.332339
371,U3RvcDoxOmRlOjExMDAwOjkwMDA2MzEwMToxOjUx,52.463397,13.332414
372,U3RvcDoxOmRlOjExMDAwOjkwMDA2MzQ1MjoxOjUw,52.448211,13.353647
373,U3RvcDoxOmRlOjExMDAwOjkwMDA2MzQ1MjoxOjUx,52.448180,13.353755
374,U3RvcDoxOmRlOjExMDAwOjkwMDA2NDIwMToxOjUw,52.410250,13.308587
375,U3RvcDoxOmRlOjExMDAwOjkwMDA2NDIwMToxOjUx,52.410219,13.308767
376,U3RvcDoxOmRlOjExMDAwOjkwMDA2NDI1NjoxOjUw,52.418911,13.314214
377,U3RvcDoxOmRlOjExMDAwOjkwMDA2NDI1NjoxOjUx,52.418882,13.314304
378,U3RvcDoxOmRlOjExMDAwOjkwMDA2NDMwMToxOjUw,52.429599,13.328701
379,U3RvcDoxOmRlOjExMDAwOjkwMDA2NDMwMToyOjUx,52.429576,13.328766
380,U3RvcDoxOmRlOjExMDAwOjkwMDA2NDMwMTozOjUy,52.430002,13.328130
381,U3RvcDoxOmRlOjExMDAwOjkwMDA2NDMwMTozOjUz,52.429919,13.328299
382,U3RvcDoxOmRlOjExMDAwOjkwMDA2NjEwMToxOjUw,52.443216,13.293109
383,U3RvcDoxOmRlOjExMDAwOjkwMDA2NjEwMToxOjUx,52.443101,13.293216
384,U3RvcDoxOmRlOjExMDAwOjkwMDA2NjEwMjoxOjUw,52.448005,13.307177
385,U3RvcDoxOmRlOjExMDAwOjkwMDA2NjEwMjoxOjUx,52.447960,13.307229
386,U3RvcDoxOmRlOjExMDAwOjkwMDA2NzIyMToxOjUw,52.438757,13.342041
387,U3RvcDoxOmRlOjExMDAwOjkwMDA2ODEwMTo6MQ,52.478191,13.386172
388,U3RvcDoxOmRlOjExMDAwOjkwMDA2ODEwMTo6Mg,52.478191,13.386375
389,U3RvcDoxOmRlOjExMDAwOjkwMDA2ODIwMToxOjUw,52.471027,13.384476
390,U3RvcDoxOmRlOjExMDAwOjkwMDA2ODIwMToxOjUx,52.470922,13.384416
391,U3RvcDoxOmRlOjExMDAwOjkwMDA2ODIwMTo6MQ,52.469814,13.385515
392,U3RvcDoxOmRlOjExMDAwOjkwMDA2ODIwMTo6Mg,52.469819,13.385692
393,U3RvcDoxOmRlOjExMDAwOjkwMDA2ODIwMjo6MQ,52.465382,13.385580
394,U3RvcDoxOmRlOjExMDAwOjkwMDA2ODIwMjo6Mg,52.465382,13.385719
395,U3RvcDoxOmRlOjExMDAwOjkwMDA2ODMwMToxOjUw,52.447898,13.360727
396,U3RvcDoxOmRlOjExMDAwOjkwMDA2ODMwMToxOjUx,52.447931,13.360892
397,U3RvcDoxOmRlOjExMDAwOjkwMDA2ODMwMjo6MQ,52.459982,13.384567
398,U3RvcDoxOmRlOjExMDAwOjkwMDA2ODMwMjo6Mg,52.459971,13.384701
399,U3RvcDoxOmRlOjExMDAwOjkwMDA2OTI3MTo6MQ,52.453741,13.384397
400,U3RvcDoxOmRlOjExMDAwOjkwMDA2OTI3MTo6Mg,52.453757,13.384546
401,U3RvcDoxOmRlOjExMDAwOjkwMDA3MDEwMTo6MQ,52.446268,13.385619
402,U3RvcDoxOmRlOjExMDAwOjkwMDA3MDEwMTo6Mg,52.446275,13.385757
403,U3RvcDoxOmRlOjExMDAwOjkwMDA3MDMwMTo6MQ,52.439865,13.387371
404,U3RvcDoxOmRlOjExMDAwOjkwMDA3MDMwMTo6Mg,52.439884,13.387543
405,U3RvcDoxOmRlOjExMDAwOjkwMDA3MjEwMToxOjUw,52.410239,13.382877
406,U3RvcDoxOmRlOjExMDAwOjkwMDA3MjEwMToyOjUx,52.410252,13.382984
407,U3RvcDoxOmRlOjExMDAwOjkwMDA3MzEwMToxOjUw,52.424278,13.374587
408,U3RvcDoxOmRlOjExMDAwOjkwMDA3MzEwMToxOjUx,52.424296,13.374679
409,U3RvcDoxOmRlOjExMDAwOjkwMDA3NDIwMToxOjUw,52.387069,13.396301
410,U3RvcDoxOmRlOjExMDAwOjkwMDA3NDIwMjoxOjUw,52.399129,13.388959
411,U3RvcDoxOmRlOjExMDAwOjkwMDA3NDIwMjoyOjUx,52.399155,13.389089
412,U3RvcDoxOmRlOjExMDAwOjkwMDA3NzEwNjoxOjUw,52.472990,13.455632
413,U3RvcDoxOmRlOjExMDAwOjkwMDA3NzEwNjoxOjUx,52.472954,13.455771
414,U3RvcDoxOmRlOjExMDAwOjkwMDA3NzE1NToxOjUw,52.469676,13.468060
415,U3RvcDoxOmRlOjExMDAwOjkwMDA3NzE1NToxOjUx,52.469600,13.468084
416,U3RvcDoxOmRlOjExMDAwOjkwMDA3ODEwMTo6MQ,52.486364,13.424162
417,U3RvcDoxOmRlOjExMDAwOjkwMDA3ODEwMTo6Mg,52.486446,13.424239
418,U3RvcDoxOmRlOjExMDAwOjkwMDA3ODEwMTo6Mw,52.486466,13.424303
419,U3RvcDoxOmRlOjExMDAwOjkwMDA3ODEwMTo6NA,52.486413,13.424599
420,U3RvcDoxOmRlOjExMDAwOjkwMDA3ODEwMjo6MQ,52.481765,13.433958
421,U3RvcDoxOmRlOjExMDAwOjkwMDA3ODEwMjo6Mg,52.481805,13.434038
422,U3RvcDoxOmRlOjExMDAwOjkwMDA3ODEwMzo6MQ,52.476514,13.439167
423,U3RvcDoxOmRlOjExMDAwOjkwMDA3ODEwMzo6Mg,52.476530,13.439269
424,U3RvcDoxOmRlOjExMDAwOjkwMDA3ODIwMToxOjUw,52.469492,13.443156
425,U3RvcDoxOmRlOjExMDAwOjkwMDA3ODIwMToxOjUx,52.469373,13.443216
426,U3RvcDoxOmRlOjExMDAwOjkwMDA3ODIwMTo6MQ,52.468614,13.441670
427,U3RvcDoxOmRlOjExMDAwOjkwMDA3ODIwMTo6Mg,52.468637,13.441938
428,U3RvcDoxOmRlOjExMDAwOjkwMDA3OTIwMTo6MQ,52.473426,13.428058
429,U3RvcDoxOmRlOjExMDAwOjkwMDA3OTIwMTo6Mg,52.473448,13.428184
430,U3RvcDoxOmRlOjExMDAwOjkwMDA3OTIwMjo6MQ,52.480162,13.425207
431,U3RvcDoxOmRlOjExMDAwOjkwMDA3OTIwMjo6Mg,52.480178,13.425341
432,U3RvcDoxOmRlOjExMDAwOjkwMDA3OTIyMToxOjUw,52.467690,13.431204
433,U3RvcDoxOmRlOjExMDAwOjkwMDA3OTIyMToxOjUx,52.467578,13.431255
434,U3RvcDoxOmRlOjExMDAwOjkwMDA3OTIyMTo6MQ,52.467622,13.431164
435,U3RvcDoxOmRlOjExMDAwOjkwMDA3OTIyMTo6Mg,52.467647,13.431289
436,U3RvcDoxOmRlOjExMDAwOjkwMDA4MDIwMTo6MQ,52.452075,13.449140
437,U3RvcDoxOmRlOjExMDAwOjkwMDA4MDIwMTo6Mg,52.452086,13.449251
438,U3RvcDoxOmRlOjExMDAwOjkwMDA4MDIwMjo6MQ,52.462871,13.444733
439,U3RvcDoxOmRlOjExMDAwOjkwMDA4MDIwMjo6Mg,52.462894,13.444839
440,U3RvcDoxOmRlOjExMDAwOjkwMDA4MDQwMTo6MQ,52.444778,13.449536
441,U3RvcDoxOmRlOjExMDAwOjkwMDA4MDQwMTo6Mg,52.444758,13.449646
442,U3RvcDoxOmRlOjExMDAwOjkwMDA4MDQwMjo6MQ,52.437777,13.448097
443,U3RvcDoxOmRlOjExMDAwOjkwMDA4MDQwMjo6Mg,52.437805,13.448281
444,U3RvcDoxOmRlOjExMDAwOjkwMDA4MjIwMTo6MQ,52.424611,13.462666
445,U3RvcDoxOmRlOjExMDAwOjkwMDA4MjIwMTo6Mg,52.424671,13.462725
446,U3RvcDoxOmRlOjExMDAwOjkwMDA4MjIwMjo6MQ,52.429280,13.453239
447,U3RvcDoxOmRlOjExMDAwOjkwMDA4MjIwMjo6Mg,52.429378,13.453482
448,U3RvcDoxOmRlOjExMDAwOjkwMDA4MzEwMTo6MQ,52.423252,13.483727
449,U3RvcDoxOmRlOjExMDAwOjkwMDA4MzEwMTo6Mg,52.423333,13.483774
450,U3RvcDoxOmRlOjExMDAwOjkwMDA4MzEwMjo6MQ,52.423277,13.474655
451,U3RvcDoxOmRlOjExMDAwOjkwMDA4MzEwMjo6Mg,52.423383,13.474655
452,U3RvcDoxOmRlOjExMDAwOjkwMDA4MzIwMTo6MQ,52.416279,13.495085
453,U3RvcDoxOmRlOjExMDAwOjkwMDA4MzIwMTo6Mg,52.416332,13.495157
454,U3RvcDoxOmRlOjExMDAwOjkwMDA4NDEwMToxOjUw,52.581656,13.362192
455,U3RvcDoxOmRlOjExMDAwOjkwMDA4NDEwMToxOjUx,52.581723,13.362300
456,U3RvcDoxOmRlOjExMDAwOjkwMDA4NTEwNDo6MQ,52.574106,13.349019
457,U3RvcDoxOmRlOjExMDAwOjkwMDA4NTEwNDo6Mg,52.574198,13.349052
458,U3RvcDoxOmRlOjExMDAwOjkwMDA4NTEwNToxOjUw,52.577776,13.351235
459,U3RvcDoxOmRlOjExMDAwOjkwMDA4NTIwMToxOjUw,52.571473,13.381121
460,U3RvcDoxOmRlOjExMDAwOjkwMDA4NTIwMToxOjUx,52.571407,13.381026
461,U3RvcDoxOmRlOjExMDAwOjkwMDA4NTIwMjo6MQ,52.564603,13.363811
462,U3RvcDoxOmRlOjExMDAwOjkwMDA4NTIwMjo6Mg,52.564629,13.363965
463,U3RvcDoxOmRlOjExMDAwOjkwMDA4NTIwMzo6MQ,52.571106,13.360435
464,U3RvcDoxOmRlOjExMDAwOjkwMDA4NTIwMzo6Mg,52.571139,13.360599
465,U3RvcDoxOmRlOjExMDAwOjkwMDA4NjEwMjo6MQ,52.563206,13.327032
466,U3RvcDoxOmRlOjExMDAwOjkwMDA4NjEwMjo6Mg,52.563292,13.327087
467,U3RvcDoxOmRlOjExMDAwOjkwMDA4NjE2MDo6MQ,52.575354,13.339110
468,U3RvcDoxOmRlOjExMDAwOjkwMDA4NjE2MDo6Mg,52.575384,13.339115
469,U3RvcDoxOmRlOjExMDAwOjkwMDA4OTMwMzoxOjUw,52.588123,13.289879
470,U3RvcDoxOmRlOjExMDAwOjkwMDA4OTMwMzoxOjUx,52.588072,13.289675
471,U3RvcDoxOmRlOjExMDAwOjkwMDA5MTIwMzoxOjUw,52.624476,13.229361
472,U3RvcDoxOmRlOjExMDAwOjkwMDA5MTIwMzoxOjUx,52.624530,13.229471
473,U3RvcDoxOmRlOjExMDAwOjkwMDA5MTIwNToxOjUw,52.612931,13.246032
474,U3RvcDoxOmRlOjExMDAwOjkwMDA5MjIwMToxOjUw,52.632307,13.290440
475,U3RvcDoxOmRlOjExMDAwOjkwMDA5MjIwMToxOjUx,52.632260,13.290322
476,U3RvcDoxOmRlOjExMDAwOjkwMDA5MzIwMToxOjUw,52.617336,13.307756
477,U3RvcDoxOmRlOjExMDAwOjkwMDA5MzIwMToxOjUx,52.617287,13.307619
478,U3RvcDoxOmRlOjExMDAwOjkwMDA5NDEwMToxOjUw,52.606320,13.321223
479,U3RvcDoxOmRlOjExMDAwOjkwMDA5NDEwMToxOjUx,52.606257,13.321086
480,U3RvcDoxOmRlOjExMDAwOjkwMDA5NjEwMToxOjUw,52.597097,13.334311
481,U3RvcDoxOmRlOjExMDAwOjkwMDA5NjEwMToxOjUx,52.597008,13.334183
482,U3RvcDoxOmRlOjExMDAwOjkwMDA5NjEwMTo6MQ,52.595694,13.334358
483,U3RvcDoxOmRlOjExMDAwOjkwMDA5NjEwMTo6Mg,52.595540,13.334374
484,U3RvcDoxOmRlOjExMDAwOjkwMDA5NjQwNToxOjUw,52.577688,13.317219
485,U3RvcDoxOmRlOjExMDAwOjkwMDA5NjQxMDo6MQ,52.588381,13.325626
486,U3RvcDoxOmRlOjExMDAwOjkwMDA5NjQxMDo6Mg,52.588417,13.325862
487,U3RvcDoxOmRlOjExMDAwOjkwMDA5NjQ1ODoxOjUw,52.578017,13.328994
488,U3RvcDoxOmRlOjExMDAwOjkwMDA5NjQ1ODo6MQ,52.578880,13.333294
489,U3RvcDoxOmRlOjExMDAwOjkwMDA5NjQ1ODo6Mg,52.578907,13.333493
490,U3RvcDoxOmRlOjExMDAwOjkwMDEwMDAwMToxOjUw,52.520125,13.386598
491,U3RvcDoxOmRlOjExMDAwOjkwMDEwMDAwMToyOjUy,52.520274,13.386683
492,U3RvcDoxOmRlOjExMDAwOjkwMDEwMDAwMToyOjUz,52.520362,13.386730
493,U3RvcDoxOmRlOjExMDAwOjkwMDEwMDAwMTozOjU0,52.520364,13.387160
494,U3RvcDoxOmRlOjExMDAwOjkwMDEwMDAwMTozOjU1,52.520458,13.387211
495,U3RvcDoxOmRlOjExMDAwOjkwMDEwMDAwMTo0OjU2,52.520479,13.386234
496,U3RvcDoxOmRlOjExMDAwOjkwMDEwMDAwMTo0OjU3,52.520424,13.386350
497,U3RvcDoxOmRlOjExMDAwOjkwMDEwMDAwMTo6MQ,52.520265,13.388196
498,U3RvcDoxOmRlOjExMDAwOjkwMDEwMDAwMTo6Mg,52.520269,13.388335
499,U3RvcDoxOmRlOjExMDAwOjkwMDEwMDAwMjoxOjUw,52.522663,13.402462
500,U3RvcDoxOmRlOjExMDAwOjkwMDEwMDAwMjoxOjUx,52.522726,13.402430
501,U3RvcDoxOmRlOjExMDAwOjkwMDEwMDAwMzoxOjUw,52.521450,13.411009
502,U3RvcDoxOmRlOjExMDAwOjkwMDEwMDAwMzoxOjUx,52.521510,13.411127
503,U3RvcDoxOmRlOjExMDAwOjkwMDEwMDAwMzoyOjUy,52.521520,13.411226
504,U3RvcDoxOmRlOjExMDAwOjkwMDEwMDAwMzoyOjUz,52.521589,13.411357
505,U3RvcDoxOmRlOjExMDAwOjkwMDEwMDAwMzo6MQ,52.521633,13.414011
506,U3RvcDoxOmRlOjExMDAwOjkwMDEwMDAwMzo6Mg,52.521754,13.414250
507,U3RvcDoxOmRlOjExMDAwOjkwMDEwMDAwMzo6Mw,52.521488,13.413583
508,U3RvcDoxOmRlOjExMDAwOjkwMDEwMDAwMzo6NA,52.521448,13.413646
509,U3RvcDoxOmRlOjExMDAwOjkwMDEwMDAwMzo6NQ,52.520950,13.412565
510,U3RvcDoxOmRlOjExMDAwOjkwMDEwMDAwMzo6Ng,52.521048,13.412764
511,U3RvcDoxOmRlOjExMDAwOjkwMDEwMDAwNDoxOjUw,52.514193,13.419471
512,U3RvcDoxOmRlOjExMDAwOjkwMDEwMDAwNDoxOjUx,52.514250,13.419526
513,U3RvcDoxOmRlOjExMDAwOjkwMDEwMDAwNDo6MQ,52.515585,13.418139
514,U3RvcDoxOmRlOjExMDAwOjkwMDEwMDAwNDo6Mg,52.515577,13.418239
515,U3RvcDoxOmRlOjExMDAwOjkwMDEwMDAwNzoxOjUw,52.525287,13.392985
516,U3RvcDoxOmRlOjExMDAwOjkwMDEwMDAwNzoxOjUx,52.525264,13.393093
517,U3RvcDoxOmRlOjExMDAwOjkwMDEwMDAwODo6MQ,52.510120,13.415704
518,U3RvcDoxOmRlOjExMDAwOjkwMDEwMDAwODo6Mg,52.510077,13.415832
519,U3RvcDoxOmRlOjExMDAwOjkwMDEwMDAwOTo6MQ,52.531269,13.382101
520,U3RvcDoxOmRlOjExMDAwOjkwMDEwMDAwOTo6Mg,52.531322,13.382214
521,U3RvcDoxOmRlOjExMDAwOjkwMDEwMDAxMDo6MQ,52.511816,13.385110
522,U3RvcDoxOmRlOjExMDAwOjkwMDEwMDAxMDo6Mg,52.511723,13.385135
523,U3RvcDoxOmRlOjExMDAwOjkwMDEwMDAxMTo6MQ,52.510236,13.389841
524,U3RvcDoxOmRlOjExMDAwOjkwMDEwMDAxMTo6Mg,52.510246,13.389981
525,U3RvcDoxOmRlOjExMDAwOjkwMDEwMDAxMjo6MQ,52.513393,13.395562
526,U3RvcDoxOmRlOjExMDAwOjkwMDEwMDAxMjo6Mg,52.513311,13.395536
527,U3RvcDoxOmRlOjExMDAwOjkwMDEwMDAxMzo6MQ,52.511348,13.403697
528,U3RvcDoxOmRlOjExMDAwOjkwMDEwMDAxMzo6Mg,52.511264,13.403695
529,U3RvcDoxOmRlOjExMDAwOjkwMDEwMDAxNDo6MQ,52.512387,13.410151
530,U3RvcDoxOmRlOjExMDAwOjkwMDEwMDAxNDo6Mg,52.512309,13.410213
531,U3RvcDoxOmRlOjExMDAwOjkwMDEwMDAxNTo6MQ,52.517186,13.412317
532,U3RvcDoxOmRlOjExMDAwOjkwMDEwMDAxNTo6Mg,52.517208,13.412525
533,U3RvcDoxOmRlOjExMDAwOjkwMDEwMDAxNjo6MQ,52.527701,13.410374
534,U3RvcDoxOmRlOjExMDAwOjkwMDEwMDAxNjo6Mg,52.527725,13.410522
535,U3RvcDoxOmRlOjExMDAwOjkwMDEwMDAxNzo6MQ,52.520931,13.420841
536,U3RvcDoxOmRlOjExMDAwOjkwMDEwMDAxNzo6Mg,52.520847,13.420768
537,U3RvcDoxOmRlOjExMDAwOjkwMDEwMDAxOTo6MQ,52.525545,13.387314
538,U3RvcDoxOmRlOjExMDAwOjkwMDEwMDAxOTo6Mg,52.525551,13.387428
539,U3RvcDoxOmRlOjExMDAwOjkwMDEwMDAyMDoxOjUw,52.509222,13.375728
540,U3RvcDoxOmRlOjExMDAwOjkwMDEwMDAyMDoxOjUx,52.509225,13.375853
541,U3RvcDoxOmRlOjExMDAwOjkwMDEwMDAyMDoyOjUy,52.509221,13.376023
542,U3RvcDoxOmRlOjExMDAwOjkwMDEwMDAyMDoyOjUz,52.509214,13.376148
543,U3RvcDoxOmRlOjExMDAwOjkwMDEwMDAyMDozOjU0,52.509605,13.376454
544,U3RvcDoxOmRlOjExMDAwOjkwMDEwMDAyMDozOjU1,52.509605,13.376579
545,U3RvcDoxOmRlOjExMDAwOjkwMDEwMDAyMDo0OjU2,52.509638,13.376708
546,U3RvcDoxOmRlOjExMDAwOjkwMDEwMDAyMDo0OjU3,52.509635,13.376837
547,U3RvcDoxOmRlOjExMDAwOjkwMDEwMDAyMDo6Nw,52.509072,13.377905
548,U3RvcDoxOmRlOjExMDAwOjkwMDEwMDAyMDo6OA,52.508998,13.378047
549,U3RvcDoxOmRlOjExMDAwOjkwMDEwMDAyMzo6MQ,52.530380,13.400626
550,U3RvcDoxOmRlOjExMDAwOjkwMDEwMDAyMzo6Mg,52.530428,13.400769
551,U3RvcDoxOmRlOjExMDAwOjkwMDEwMDAyNToxOjUw,52.516483,13.381658
552,U3RvcDoxOmRlOjExMDAwOjkwMDEwMDAyNToxOjUx,52.516351,13.381690
553,U3RvcDoxOmRlOjExMDAwOjkwMDEwMDAyNTo6MQ,52.516644,13.380981
554,U3RvcDoxOmRlOjExMDAwOjkwMDEwMDAyNTo6NQ,52.516529,13.381004
555,U3RvcDoxOmRlOjExMDAwOjkwMDEwMDA0NTo6Ng,52.518802,13.407888
556,U3RvcDoxOmRlOjExMDAwOjkwMDEwMDA0NTo6Nw,52.518762,13.407935
557,U3RvcDoxOmRlOjExMDAwOjkwMDEwMDA1MTo6MQ,52.525435,13.404988
558,U3RvcDoxOmRlOjExMDAwOjkwMDEwMDA1MTo6Mg,52.525501,13.405070
559,U3RvcDoxOmRlOjExMDAwOjkwMDEwMDUwMTo6MQ,52.535449,13.376863
560,U3RvcDoxOmRlOjExMDAwOjkwMDEwMDUwMTo6Mg,52.535500,13.376986
561,U3RvcDoxOmRlOjExMDAwOjkwMDEwMDUxMzo6NQ,52.517040,13.389059
562,U3RvcDoxOmRlOjExMDAwOjkwMDEwMDUxMzo6Ng,52.516920,13.389081
563,U3RvcDoxOmRlOjExMDAwOjkwMDEwMDUxMzo6Nw,52.516662,13.388825
564,U3RvcDoxOmRlOjExMDAwOjkwMDEwMDUxMzo6OA,52.516665,13.388887
565,U3RvcDoxOmRlOjExMDAwOjkwMDEwMDUzNzo6Mw,52.517402,13.398250
566,U3RvcDoxOmRlOjExMDAwOjkwMDEwMDUzNzo6NA,52.517267,13.398218
567,U3RvcDoxOmRlOjExMDAwOjkwMDEwMDcwMTo6MQ,52.512199,13.390543
568,U3RvcDoxOmRlOjExMDAwOjkwMDEwMDcwMTo6Mg,52.512114,13.390557
569,U3RvcDoxOmRlOjExMDAwOjkwMDExMDAwMToxOjUw,52.549274,13.415186
570,U3RvcDoxOmRlOjExMDAwOjkwMDExMDAwMToxOjUx,52.549382,13.415241
571,U3RvcDoxOmRlOjExMDAwOjkwMDExMDAwMTo6MQ,52.549226,13.413598
572,U3RvcDoxOmRlOjExMDAwOjkwMDExMDAwMTo6Mg,52.549218,13.413741
573,U3RvcDoxOmRlOjExMDAwOjkwMDExMDAwMjoxOjUw,52.544757,13.425865
574,U3RvcDoxOmRlOjExMDAwOjkwMDExMDAwMjoxOjUx,52.544860,13.425975
575,U3RvcDoxOmRlOjExMDAwOjkwMDExMDAwMzoxOjUw,52.540109,13.439108
576,U3RvcDoxOmRlOjExMDAwOjkwMDExMDAwMzoxOjUx,52.540212,13.439227
577,U3RvcDoxOmRlOjExMDAwOjkwMDExMDAwNDoxOjUw,52.529316,13.454840
578,U3RvcDoxOmRlOjExMDAwOjkwMDExMDAwNDoxOjUx,52.529386,13.454998
579,U3RvcDoxOmRlOjExMDAwOjkwMDExMDAwNTo6MQ,52.532443,13.412596
580,U3RvcDoxOmRlOjExMDAwOjkwMDExMDAwNTo6Mg,52.532427,13.412787
581,U3RvcDoxOmRlOjExMDAwOjkwMDExMDAwNjo6MQ,52.541988,13.412139
582,U3RvcDoxOmRlOjExMDAwOjkwMDExMDAwNjo6Mg,52.541982,13.412280
583,U3RvcDoxOmRlOjExMDAwOjkwMDExMDAxMToxOjUw,52.554619,13.397673
584,U3RvcDoxOmRlOjExMDAwOjkwMDExMDAxMToxOjUx,52.554628,13.397809
585,U3RvcDoxOmRlOjExMDAwOjkwMDExMDAxMToyOjUy,52.554630,13.397940
586,U3RvcDoxOmRlOjExMDAwOjkwMDExMDAxMToyOjUz,52.554635,13.398080
587,U3RvcDoxOmRlOjExMDAwOjkwMDExMDAxMjoxOjUw,52.523660,13.465047
588,U3RvcDoxOmRlOjExMDAwOjkwMDExMDAxMjoxOjUx,52.523731,13.465094
589,U3RvcDoxOmRlOjExMDAwOjkwMDEyMDAwMToxOjUw,52.515383,13.474280
590,U3RvcDoxOmRlOjExMDAwOjkwMDEyMDAwMToxOjUx,52.515401,13.474370
591,U3RvcDoxOmRlOjExMDAwOjkwMDEyMDAwMTo6MQ,52.513761,13.475215
592,U3RvcDoxOmRlOjExMDAwOjkwMDEyMDAwMTo6Mg,52.513604,13.475178
593,U3RvcDoxOmRlOjExMDAwOjkwMDEyMDAwMzoxOjUw,52.502908,13.468553
594,U3RvcDoxOmRlOjExMDAwOjkwMDEyMDAwMzoxOjUx,52.503041,13.468615
595,U3RvcDoxOmRlOjExMDAwOjkwMDEyMDAwMzoyOjUy,52.503282,13.468710
596,U3RvcDoxOmRlOjExMDAwOjkwMDEyMDAwMzoyOjUz,52.503125,13.468633
597,U3RvcDoxOmRlOjExMDAwOjkwMDEyMDAwMzozOjU0,52.503348,13.468748
598,U3RvcDoxOmRlOjExMDAwOjkwMDEyMDAwMzozOjU1,52.503509,13.468841
599,U3RvcDoxOmRlOjExMDAwOjkwMDEyMDAwMzo0OjU3,52.503068,13.469961
600,U3RvcDoxOmRlOjExMDAwOjkwMDEyMDAwMzo1OjU4,52.503422,13.469006
601,U3RvcDoxOmRlOjExMDAwOjkwMDEyMDAwMzo1OjU5,52.503314,13.469607
602,U3RvcDoxOmRlOjExMDAwOjkwMDEyMDAwMzo2OjYw,52.503536,13.469226
603,U3RvcDoxOmRlOjExMDAwOjkwMDEyMDAwMzo3OjYx,52.503566,13.469241
604,U3RvcDoxOmRlOjExMDAwOjkwMDEyMDAwNDoxOjUw,52.506121,13.450664
605,U3RvcDoxOmRlOjExMDAwOjkwMDEyMDAwNDoxOjUx,52.506228,13.450720
606,U3RvcDoxOmRlOjExMDAwOjkwMDEyMDAwNDoyOjUy,52.506306,13.450761
607,U3RvcDoxOmRlOjExMDAwOjkwMDEyMDAwNDoyOjUz,52.506404,13.450818
608,U3RvcDoxOmRlOjExMDAwOjkwMDEyMDAwNDo6MQ,52.504862,13.448802
609,U3RvcDoxOmRlOjExMDAwOjkwMDEyMDAwNDo6Mw,52.504886,13.449123
610,U3RvcDoxOmRlOjExMDAwOjkwMDEyMDAwNToxOjUw,52.510244,13.434586
611,U3RvcDoxOmRlOjExMDAwOjkwMDEyMDAwNToyOjUx,52.510179,13.434942
612,U3RvcDoxOmRlOjExMDAwOjkwMDEyMDAwNToyOjUy,52.510253,13.435024
613,U3RvcDoxOmRlOjExMDAwOjkwMDEyMDAwNTozOjUz,52.510413,13.435172
614,U3RvcDoxOmRlOjExMDAwOjkwMDEyMDAwNTozOjU0,52.510474,13.435240
615,U3RvcDoxOmRlOjExMDAwOjkwMDEyMDAwNTo0OjU1,52.510515,13.435336
616,U3RvcDoxOmRlOjExMDAwOjkwMDEyMDAwNTo0OjU2,52.510594,13.435426
617,U3RvcDoxOmRlOjExMDAwOjkwMDEyMDAwNTo1OjU3,52.510646,13.435474
618,U3RvcDoxOmRlOjExMDAwOjkwMDEyMDAwNTo1OjU4,52.510717,13.435552
619,U3RvcDoxOmRlOjExMDAwOjkwMDEyMDAwNjo6MQ,52.518144,13.431554
620,U3RvcDoxOmRlOjExMDAwOjkwMDEyMDAwNjo6Mg,52.518055,13.431530
621,U3RvcDoxOmRlOjExMDAwOjkwMDEyMDAwODo6MQ,52.515872,13.453903
622,U3RvcDoxOmRlOjExMDAwOjkwMDEyMDAwODo6Mg,52.515755,13.453871
623,U3RvcDoxOmRlOjExMDAwOjkwMDEyMDAwOTo6MQ,52.514787,13.464537
624,U3RvcDoxOmRlOjExMDAwOjkwMDEyMDAwOTo6Mg,52.514675,13.464507
625,U3RvcDoxOmRlOjExMDAwOjkwMDEyMDAyNTo6MQ,52.516804,13.444683
626,U3RvcDoxOmRlOjExMDAwOjkwMDEyMDAyNTo6Mg,52.516688,13.444657
627,U3RvcDoxOmRlOjExMDAwOjkwMDEzMDAwMToxOjUw,52.578081,13.429448
628,U3RvcDoxOmRlOjExMDAwOjkwMDEzMDAwMToxOjUx,52.578039,13.429576
629,U3RvcDoxOmRlOjExMDAwOjkwMDEzMDAwMjoxOjUw,52.566222,13.410354
630,U3RvcDoxOmRlOjExMDAwOjkwMDEzMDAwMjoxOjUx,52.566292,13.410260
631,U3RvcDoxOmRlOjExMDAwOjkwMDEzMDAwMjo6MQ,52.566740,13.411657
632,U3RvcDoxOmRlOjExMDAwOjkwMDEzMDAwMjo6Mg,52.566775,13.411811
633,U3RvcDoxOmRlOjExMDAwOjkwMDEzMDAwMzoxOjUw,52.565329,13.392139
634,U3RvcDoxOmRlOjExMDAwOjkwMDEzMDAwMzoxOjUx,52.565283,13.392058
635,U3RvcDoxOmRlOjExMDAwOjkwMDEzMDAxMTo6MQ,52.559182,13.413159
636,U3RvcDoxOmRlOjExMDAwOjkwMDEzMDAxMTo6Mg,52.559185,13.413343
637,U3RvcDoxOmRlOjExMDAwOjkwMDEzNTAwMToxOjUw,52.635818,13.491694
638,U3RvcDoxOmRlOjExMDAwOjkwMDE0MjAwMToxOjUw,52.591376,13.443308
639,U3RvcDoxOmRlOjExMDAwOjkwMDE0MjAwMToxOjUx,52.591334,13.443411
640,U3RvcDoxOmRlOjExMDAwOjkwMDE0MzAwMToxOjUw,52.615189,13.469526
641,U3RvcDoxOmRlOjExMDAwOjkwMDE0MzAwMToxOjUx,52.615235,13.469409
642,U3RvcDoxOmRlOjExMDAwOjkwMDE1MTAwMToxOjUw,52.573076,13.503790
643,U3RvcDoxOmRlOjExMDAwOjkwMDE1MTAwMToxOjUx,52.573023,13.503676
644,U3RvcDoxOmRlOjExMDAwOjkwMDE1MjAwMToxOjUw,52.566268,13.512604
645,U3RvcDoxOmRlOjExMDAwOjkwMDE1MjAwMToxOjUx,52.566220,13.512489
646,U3RvcDoxOmRlOjExMDAwOjkwMDE1MjAwMToyOjUy,52.566014,13.512471
647,U3RvcDoxOmRlOjExMDAwOjkwMDE1MjAwMTozOjUz,52.565990,13.512415
648,U3RvcDoxOmRlOjExMDAwOjkwMDE1MjAwMjoxOjUw,52.556471,13.524843
649,U3RvcDoxOmRlOjExMDAwOjkwMDE1MjAwMjoxOjUx,52.556425,13.524692
650,U3RvcDoxOmRlOjExMDAwOjkwMDE2MDAwMToxOjUw,52.501235,13.478701
651,U3RvcDoxOmRlOjExMDAwOjkwMDE2MDAwMToxOjUx,52.501169,13.478667
652,U3RvcDoxOmRlOjExMDAwOjkwMDE2MDAwMjoxOjUw,52.493969,13.497724
653,U3RvcDoxOmRlOjExMDAwOjkwMDE2MDAwMzoxOjUw,52.503801,13.485385
654,U3RvcDoxOmRlOjExMDAwOjkwMDE2MDAwMzoxOjUx,52.503881,13.485281
655,U3RvcDoxOmRlOjExMDAwOjkwMDE2MDAwNDoxOjUw,52.510220,13.497972
656,U3RvcDoxOmRlOjExMDAwOjkwMDE2MDAwNDoxOjUx,52.510303,13.497825
657,U3RvcDoxOmRlOjExMDAwOjkwMDE2MDAwNDoyOjUy,52.510275,13.497433
658,U3RvcDoxOmRlOjExMDAwOjkwMDE2MDAwNDoyOjUz,52.510367,13.497302
659,U3RvcDoxOmRlOjExMDAwOjkwMDE2MDAwNDozOjU0,52.510002,13.496490
660,U3RvcDoxOmRlOjExMDAwOjkwMDE2MDAwNDozOjU1,52.510088,13.496357
661,U3RvcDoxOmRlOjExMDAwOjkwMDE2MDAwNDo0OjU2,52.510126,13.496304
662,U3RvcDoxOmRlOjExMDAwOjkwMDE2MDAwNDo0OjU3,52.510215,13.496164
663,U3RvcDoxOmRlOjExMDAwOjkwMDE2MDAwNDo6Nw,52.511218,13.498342
664,U3RvcDoxOmRlOjExMDAwOjkwMDE2MDAwNDo6OA,52.511115,13.498291
665,U3RvcDoxOmRlOjExMDAwOjkwMDE2MDAwNTo6MQ,52.512532,13.486997
666,U3RvcDoxOmRlOjExMDAwOjkwMDE2MDAwNTo6Mg,52.512410,13.486975
667,U3RvcDoxOmRlOjExMDAwOjkwMDE2MTAwMjo6Mw,52.497760,13.523072
668,U3RvcDoxOmRlOjExMDAwOjkwMDE2MTAwMjo6NA,52.497708,13.522847
669,U3RvcDoxOmRlOjExMDAwOjkwMDE2MTUxMjo6MQ,52.506252,13.512845
670,U3RvcDoxOmRlOjExMDAwOjkwMDE2MTUxMjo6Mg,52.506188,13.512693
671,U3RvcDoxOmRlOjExMDAwOjkwMDE2MjAwMToxOjUw,52.480538,13.527019
672,U3RvcDoxOmRlOjExMDAwOjkwMDE2MjAwMToxOjUx,52.480602,13.527100
673,U3RvcDoxOmRlOjExMDAwOjkwMDE3MDAwMToxOjUw,52.543259,13.541126
674,U3RvcDoxOmRlOjExMDAwOjkwMDE3MDAwMToxOjUx,52.543322,13.540944
675,U3RvcDoxOmRlOjExMDAwOjkwMDE3MDAwMjoxOjUw,52.550735,13.547678
676,U3RvcDoxOmRlOjExMDAwOjkwMDE3MDAwMjoxOjUx,52.550783,13.547532
677,U3RvcDoxOmRlOjExMDAwOjkwMDE3MDAwMzoxOjUw,52.557752,13.553721
678,U3RvcDoxOmRlOjExMDAwOjkwMDE3MDAwMzoxOjUx,52.557792,13.553592
679,U3RvcDoxOmRlOjExMDAwOjkwMDE3MDAwNDoxOjUw,52.571349,13.565592
680,U3RvcDoxOmRlOjExMDAwOjkwMDE3MDAwNDoxOjUx,52.571393,13.565467
681,U3RvcDoxOmRlOjExMDAwOjkwMDE3MDAwNDoyOjUy,52.571320,13.565711
682,U3RvcDoxOmRlOjExMDAwOjkwMDE3MDAwNToxOjUw,52.535640,13.535550
683,U3RvcDoxOmRlOjExMDAwOjkwMDE3MDAwNToxOjUx,52.535662,13.535393
684,U3RvcDoxOmRlOjExMDAwOjkwMDE3MTAwMToxOjUw,52.513095,13.556379
685,U3RvcDoxOmRlOjExMDAwOjkwMDE3MTAwMToyOjUx,52.513066,13.555982
686,U3RvcDoxOmRlOjExMDAwOjkwMDE3MTAwMjoxOjUw,52.514058,13.519948
687,U3RvcDoxOmRlOjExMDAwOjkwMDE3MTAwMjoxOjUx,52.514179,13.519948
688,U3RvcDoxOmRlOjExMDAwOjkwMDE3MTAwMzoxOjUw,52.527086,13.536604
689,U3RvcDoxOmRlOjExMDAwOjkwMDE3MTAwMzoxOjUx,52.527070,13.536465
690,U3RvcDoxOmRlOjExMDAwOjkwMDE3MTAwNTo6MQ,52.499662,13.546365
691,U3RvcDoxOmRlOjExMDAwOjkwMDE3MTAwNTo6Mg,52.499498,13.546477
692,U3RvcDoxOmRlOjExMDAwOjkwMDE3MTAwNTo6Mw,52.499625,13.546389
693,U3RvcDoxOmRlOjExMDAwOjkwMDE3MTAwNjo6MQ,52.504979,13.560296
694,U3RvcDoxOmRlOjExMDAwOjkwMDE3MTAwNjo6Mg,52.504900,13.560446
695,U3RvcDoxOmRlOjExMDAwOjkwMDE3NTAwMToxOjUw,52.512766,13.575204
696,U3RvcDoxOmRlOjExMDAwOjkwMDE3NTAwMToyOjUx,52.512452,13.575181
697,U3RvcDoxOmRlOjExMDAwOjkwMDE3NTAwMTo6MQ,52.512626,13.575194
698,U3RvcDoxOmRlOjExMDAwOjkwMDE3NTAwMTo6Mg,52.512595,13.575190
699,U3RvcDoxOmRlOjExMDAwOjkwMDE3NTAwMjoxOjUw,52.512165,13.590481
700,U3RvcDoxOmRlOjExMDAwOjkwMDE3NTAwMjoxOjUx,52.512076,13.590479
701,U3RvcDoxOmRlOjExMDAwOjkwMDE3NTAwNDo6MQ,52.520904,13.588849
702,U3RvcDoxOmRlOjExMDAwOjkwMDE3NTAwNDo6Mg,52.520912,13.589057
703,U3RvcDoxOmRlOjExMDAwOjkwMDE3NTAwNTo6MQ,52.528538,13.590471
704,U3RvcDoxOmRlOjExMDAwOjkwMDE3NTAwNTo6Mg,52.528495,13.590653
705,U3RvcDoxOmRlOjExMDAwOjkwMDE3NTAwNjo6MQ,52.533918,13.596460
706,U3RvcDoxOmRlOjExMDAwOjkwMDE3NTAwNjo6Mg,52.533812,13.596530
707,U3RvcDoxOmRlOjExMDAwOjkwMDE3NTAwNzo6MQ,52.536737,13.606564
708,U3RvcDoxOmRlOjExMDAwOjkwMDE3NTAwNzo6Mg,52.536600,13.606671
709,U3RvcDoxOmRlOjExMDAwOjkwMDE3NTAxMDo6MQ,52.538482,13.633161
710,U3RvcDoxOmRlOjExMDAwOjkwMDE3NTAxMDo6Mg,52.538373,13.633103
711,U3RvcDoxOmRlOjExMDAwOjkwMDE3NTAxMDo6Mw,52.538309,13.633125
712,U3RvcDoxOmRlOjExMDAwOjkwMDE3NTAxNTo6MQ,52.539037,13.618307
713,U3RvcDoxOmRlOjExMDAwOjkwMDE3NTAxNTo6Mg,52.538907,13.618353
714,U3RvcDoxOmRlOjExMDAwOjkwMDE3NjAwMToxOjUw,52.512253,13.610598
715,U3RvcDoxOmRlOjExMDAwOjkwMDE3NjAwMToxOjUx,52.512137,13.610641
716,U3RvcDoxOmRlOjExMDAwOjkwMDE3NjAwMToyOjUy,52.512091,13.610667
717,U3RvcDoxOmRlOjExMDAwOjkwMDE3NjAwMToyOjUz,52.511972,13.610720
718,U3RvcDoxOmRlOjExMDAwOjkwMDE3NjAwMTozOjU0,52.511919,13.610735
719,U3RvcDoxOmRlOjExMDAwOjkwMDE4MDAwMToxOjUw,52.458653,13.581491
720,U3RvcDoxOmRlOjExMDAwOjkwMDE4MDAwMToxOjUx,52.458514,13.581459
721,U3RvcDoxOmRlOjExMDAwOjkwMDE4MDAwMjoxOjUw,52.468668,13.554240
722,U3RvcDoxOmRlOjExMDAwOjkwMDE4MDAwMjoxOjUx,52.468594,13.554145
723,U3RvcDoxOmRlOjExMDAwOjkwMDE4MDAwMzoxOjUw,52.447135,13.561301
724,U3RvcDoxOmRlOjExMDAwOjkwMDE4MjAwMToxOjUw,52.457950,13.603123
725,U3RvcDoxOmRlOjExMDAwOjkwMDE4MjAwMToxOjUx,52.457868,13.603123
726,U3RvcDoxOmRlOjExMDAwOjkwMDE4MjAwMjoxOjUw,52.457423,13.623211
727,U3RvcDoxOmRlOjExMDAwOjkwMDE4MjAwMjoxOjUx,52.457329,13.623213
728,U3RvcDoxOmRlOjExMDAwOjkwMDE4MzAwMToxOjUw,52.451677,13.689947
729,U3RvcDoxOmRlOjExMDAwOjkwMDE4MzAwMToxOjUx,52.451598,13.689921
730,U3RvcDoxOmRlOjExMDAwOjkwMDE4MzAwMjoxOjUw,52.438536,13.722166
731,U3RvcDoxOmRlOjExMDAwOjkwMDE4MzAwMjoxOjUx,52.438589,13.722319
732,U3RvcDoxOmRlOjExMDAwOjkwMDE4NjAwMToxOjUw,52.412432,13.573957
733,U3RvcDoxOmRlOjExMDAwOjkwMDE4NjAwMToxOjUx,52.412481,13.574059
734,U3RvcDoxOmRlOjExMDAwOjkwMDE4NjAwMToyOjUy,52.412518,13.574189
735,U3RvcDoxOmRlOjExMDAwOjkwMDE4NjAwMToyOjUz,52.412568,13.574282
736,U3RvcDoxOmRlOjExMDAwOjkwMDE5MDAwMToxOjUw,52.493746,13.461502
737,U3RvcDoxOmRlOjExMDAwOjkwMDE5MDAwMToxOjUx,52.493711,13.461615
738,U3RvcDoxOmRlOjExMDAwOjkwMDE5MDAwMToyOjUy,52.493667,13.461736
739,U3RvcDoxOmRlOjExMDAwOjkwMDE5MDAwMToyOjUz,52.493629,13.461846
740,U3RvcDoxOmRlOjExMDAwOjkwMDE5MTAwMToxOjUw,52.467637,13.489731
741,U3RvcDoxOmRlOjExMDAwOjkwMDE5MTAwMToyOjUx,52.467537,13.489686
742,U3RvcDoxOmRlOjExMDAwOjkwMDE5MTAwMToyOjUy,52.467495,13.489615
743,U3RvcDoxOmRlOjExMDAwOjkwMDE5MTAwMjoxOjUw,52.478467,13.473270
744,U3RvcDoxOmRlOjExMDAwOjkwMDE5MTAwMjoxOjUx,52.478530,13.473390
745,U3RvcDoxOmRlOjExMDAwOjkwMDE5MjAwMToxOjUw,52.454622,13.509517
746,U3RvcDoxOmRlOjExMDAwOjkwMDE5MjAwMToxOjUx,52.454690,13.509638
747,U3RvcDoxOmRlOjExMDAwOjkwMDE5MjAwMToyOjUy,52.454742,13.509730
748,U3RvcDoxOmRlOjExMDAwOjkwMDE5MjAwMToyOjUz,52.454800,13.509830
749,U3RvcDoxOmRlOjExMDAwOjkwMDE5MjAwMTozOjU0,52.454850,13.509917
750,U3RvcDoxOmRlOjExMDAwOjkwMDE5MjAwMTozOjU1,52.454912,13.510019
751,U3RvcDoxOmRlOjExMDAwOjkwMDE5MjAwMTo6OQ,52.456217,13.510338
752,U3RvcDoxOmRlOjExMDAwOjkwMDE5MjAwMjoxOjUw,52.452447,13.538028
753,U3RvcDoxOmRlOjExMDAwOjkwMDE5MzAwMToxOjUw,52.446620,13.524071
754,U3RvcDoxOmRlOjExMDAwOjkwMDE5MzAwMToyOjUx,52.446662,13.524141
755,U3RvcDoxOmRlOjExMDAwOjkwMDE5MzAwMjoxOjUw,52.434867,13.541224
756,U3RvcDoxOmRlOjExMDAwOjkwMDE5MzAwMjoxOjUx,52.434946,13.541382
757,U3RvcDoxOmRlOjExMDAwOjkwMDE5NTUxMDoxOjUw,52.407309,13.558877
758,U3RvcDoxOmRlOjExMDAwOjkwMDE5NTUxMDoxOjUx,52.407359,13.558798
759,U3RvcDoxOmRlOjExMDAwOjkwMDE5NjAwMToxOjUw,52.399343,13.541956
760,U3RvcDoxOmRlOjExMDAwOjkwMDE5NjAwMToxOjUx,52.399271,13.541989
761,U3RvcDoxOmRlOjEyMDU0OjkwMDIzMDAwMDoxOjUw,52.391427,13.092776
762,U3RvcDoxOmRlOjEyMDU0OjkwMDIzMDAwMDoxOjUx,52.391343,13.092809
763,U3RvcDoxOmRlOjEyMDU0OjkwMDIzMDAwMToxOjUw,52.382511,13.121990
764,U3RvcDoxOmRlOjEyMDU0OjkwMDIzMDAwMToyOjUx,52.382496,13.122080
765,U3RvcDoxOmRlOjEyMDU0OjkwMDIzMDAwMzoxOjUw,52.394529,13.127597
766,U3RvcDoxOmRlOjEyMDU0OjkwMDIzMDAwMzoxOjU0,52.394436,13.127622
767,U3RvcDoxOmRlOjEyMDU0OjkwMDIzMDAwMzo0OjUz,52.394161,13.127876
768,U3RvcDoxOmRlOjEyMDYwOjkwMDM1MDE0MToxOjUw,52.580526,13.573094
769,U3RvcDoxOmRlOjEyMDYwOjkwMDM1MDE0MjoxOjUw,52.590715,13.581945
770,U3RvcDoxOmRlOjEyMDYwOjkwMDM1MDE1MToxOjUw,52.604998,13.611215
771,U3RvcDoxOmRlOjEyMDYwOjkwMDM1MDE2MDoxOjUx,52.675500,13.591803
772,U3RvcDoxOmRlOjEyMDYwOjkwMDM1MDE2MDoyOjUy,52.675428,13.591859
773,U3RvcDoxOmRlOjEyMDYwOjkwMDM1MDE2MDoyOjUz,52.675330,13.592016
774,U3RvcDoxOmRlOjEyMDYwOjkwMDM1MDE2MToxOjUw,52.668470,13.564998
775,U3RvcDoxOmRlOjEyMDYwOjkwMDM1MDE2MjoxOjUw,52.648633,13.513405
776,U3RvcDoxOmRlOjEyMDYwOjkwMDM1MDE2MzoxOjUw,52.659860,13.534081
777,U3RvcDoxOmRlOjEyMDYwOjkwMDM1MDE2MzoxOjUx,52.659797,13.534196
778,U3RvcDoxOmRlOjEyMDYwOjkwMDM1MDE2NDoxOjUw,52.652472,13.428617
779,U3RvcDoxOmRlOjEyMDYwOjkwMDM1MDE2NDoyOjUx,52.652471,13.428557
780,U3RvcDoxOmRlOjEyMDYwOjkwMDM1MDE2ODoxOjUw,52.618255,13.675728
781,U3RvcDoxOmRlOjEyMDYwOjkwMDM1MDE3MjoxOjUw,52.637301,13.737549
782,U3RvcDoxOmRlOjEyMDYwOjkwMDM1MDE3ODoxOjUw,52.596793,13.592281
783,U3RvcDoxOmRlOjEyMDYxOjkwMDI2MDAwMzoxOjUw,52.348641,13.627388
784,U3RvcDoxOmRlOjEyMDYxOjkwMDI2MDAwMzoxOjUx,52.348689,13.627548
785,U3RvcDoxOmRlOjEyMDYxOjkwMDI2MDAwNDoxOjUw,52.371240,13.615279
786,U3RvcDoxOmRlOjEyMDYxOjkwMDI2MDAwNDoxOjUx,52.371288,13.615452
787,U3RvcDoxOmRlOjEyMDYxOjkwMDI2MDAwNToxOjUw,52.391305,13.512632
788,U3RvcDoxOmRlOjEyMDYxOjkwMDI2MDAwNToyOjUy,52.391434,13.512447
789,U3RvcDoxOmRlOjEyMDYxOjkwMDI2MDAwNToyOjUz,52.391518,13.512330
790,U3RvcDoxOmRlOjEyMDYxOjkwMDI2MDAwNTozOjU0,52.390971,13.513024
791,U3RvcDoxOmRlOjEyMDYxOjkwMDI2MDAwNTozOjU1,52.390884,13.513150
792,U3RvcDoxOmRlOjEyMDYxOjkwMDI2MDAwNTo6Mg,52.390582,13.513265
793,U3RvcDoxOmRlOjEyMDYxOjkwMDI2MDAwOToxOjUx,52.364062,13.509307
794,U3RvcDoxOmRlOjEyMDYxOjkwMDI2MDAwOToxOjUy,52.364157,13.509246
795,U3RvcDoxOmRlOjEyMDYxOjkwMDI2MDAwOToyOjUz,52.364239,13.509191
796,U3RvcDoxOmRlOjEyMDYxOjkwMDI2MDAwOToyOjU0,52.364323,13.509145
797,U3RvcDoxOmRlOjEyMDYxOjkwMDI2MDAwOTozOjU1,52.364226,13.508213
798,U3RvcDoxOmRlOjEyMDYxOjkwMDI2MDAwOTozOjU2,52.364331,13.508164
799,U3RvcDoxOmRlOjEyMDYxOjkwMDI2MDA4MDoxOjUw,52.368477,13.463492
800,U3RvcDoxOmRlOjEyMDYxOjkwMDI2MDA4MDoxOjUx,52.368714,13.463746
801,U3RvcDoxOmRlOjEyMDY0OjkwMDMyMDAwNjoxOjUw,52.526201,13.760479
802,U3RvcDoxOmRlOjEyMDY0OjkwMDMyMDAwNjoxOjUx,52.526281,13.760457
803,U3RvcDoxOmRlOjEyMDY0OjkwMDMyMDAwNzoxOjUw,52.520780,13.700395
804,U3RvcDoxOmRlOjEyMDY0OjkwMDMyMDAwODoxOjUw,52.518109,13.673978
805,U3RvcDoxOmRlOjEyMDY0OjkwMDMyMDAwODoxOjUx,52.518296,13.673932
806,U3RvcDoxOmRlOjEyMDY0OjkwMDMyMDAyNjoxOjUw,52.515685,13.647324
807,U3RvcDoxOmRlOjEyMDY0OjkwMDMyMDAyNjoxOjUx,52.515593,13.647342
808,U3RvcDoxOmRlOjEyMDY1OjkwMDIwMDAwMDoxOjUw,52.638536,13.205695
809,U3RvcDoxOmRlOjEyMDY1OjkwMDIwMDAwMDoxOjUx,52.638503,13.205510
810,U3RvcDoxOmRlOjEyMDY1OjkwMDIwMDAwMDoxOjU1,52.637447,13.205971
811,U3RvcDoxOmRlOjEyMDY1OjkwMDIwMDAwMDoyOjUy,52.638848,13.205193
812,U3RvcDoxOmRlOjEyMDY1OjkwMDIwMDAwMDoyOjUz,52.638842,13.205133
813,U3RvcDoxOmRlOjEyMDY1OjkwMDIwMDAwMDo0OjU0,52.637484,13.206145
814,U3RvcDoxOmRlOjEyMDY1OjkwMDIwMDAwOToxOjUw,52.668645,13.286992
815,U3RvcDoxOmRlOjEyMDY1OjkwMDIwMDAwOToxOjUx,52.668644,13.287110
816,U3RvcDoxOmRlOjEyMDY1OjkwMDIwMDAxMDoxOjUw,52.672391,13.271095
817,U3RvcDoxOmRlOjEyMDY1OjkwMDIwMDAxMToxOjUw,52.670081,13.320426
818,U3RvcDoxOmRlOjEyMDY1OjkwMDIwMDAxMToxOjUx,52.670130,13.320479
819,U3RvcDoxOmRlOjEyMDY1OjkwMDIwMDAxMjoxOjUw,52.664629,13.340528
820,U3RvcDoxOmRlOjEyMDY1OjkwMDIwMDAxMjoxOjUx,52.664544,13.340492
821,U3RvcDoxOmRlOjEyMDY1OjkwMDIwMDAxMzoxOjUw,52.654763,13.386172
822,U3RvcDoxOmRlOjEyMDY3OjkwMDMxMDAwNDoxOjUw,52.427629,13.752022
823,U3RvcDoxOmRlOjEyMDY3OjkwMDMxMDAwNDoyOjUx,52.427681,13.752098
824,U3RvcDoxOmRlOjEyMDY3OjkwMDMxMDAwNDozOjUy,52.429643,13.750917
825,U3RvcDoxOmRlOjEyMDY3OjkwMDMxMDAwNDozOjUz,52.429571,13.750774
826,U3RvcDoxOmRlOjEyMDY5OjkwMDIyMDAwMToxOjUw,52.388080,13.299522
827,U3RvcDoxOmRlOjEyMDY5OjkwMDIyMDAwMToyOjUx,52.388032,13.299812
828,U3RvcDoxOmRlOjEyMDY5OjkwMDIyMDAwODoxOjUw,52.358153,13.097973
829,U3RvcDoxOmRlOjEyMDY5OjkwMDIyMDAwODoyOjUx,52.358135,13.098037
830,U3RvcDoxOmRlOjEyMDY5OjkwMDIyMDExNDoxOjUw,52.396943,13.276604
831,U3RvcDoxOmRlOjEyMDY5OjkwMDIyMDExNDoxOjUx,52.396877,13.276641
832,U3RvcDoxOmRlOjEyMDcyOjkwMDI0NTAyNzoyOjUy,52.338503,13.415406
833,U3RvcDoxOmRlOjEyMDcyOjkwMDI0NTAyODoxOjUw,52.360777,13.407878
834,U3RvcDoxOmRlOjEyMDcyOjkwMDI0NTAyODoxOjUx,52.360750,13.407713
835,U3RvcDoxOmRlOjEyMDcyOjkwMDI0NTAzMjoxOjUw,52.350846,13.284620
836,U3RvcDoxOmRlOjEyMDcyOjkwMDI0NTAzMjoyOjUx,52.350858,13.284743
837,,0.000000,0.000000
